sport,school,school_slug,champion_years,finalist_years,semifinalist_years,runner_up_years,quarterfinal_years,source_pages
Girls Cross Country,Allegany,allegany,1997;1998,1988,,,,4-5
Girls Cross Country,Atholton,atholton,1987;1988;1989,1986,,,,4-5
Girls Cross Country,Beall,beall,,2001,,,,4-5
Girls Cross Country,Bel Air,bel-air,,1975;2009;2010;2018;2019,,,,4-5
Girls Cross Country,Bethesda-Chevy Chase,bethesda-chevy-chase,1976;1977;1978;2002;2011;2012;2024,1979;2013;2014,,,,4-5
Girls Cross Country,Montgomery Blair,montgomery-blair,,1979,,,,4-5
Girls Cross Country,Bohemia Manor,bohemia-manor,2008;2009;2010;2011,2007;2014,,,,4-5
Girls Cross Country,Boonsboro,boonsboro,1984;1989;1990;1994;1995;2012;2015;2016;2017;2018,1978;1981;1991;1992;1993;2011,,,,4-5
Girls Cross Country,Bowie,bowie,,1984,,,,4-5
Girls Cross Country,Broadneck,broadneck,2002;2003,1998;2021,,,,4-5
Girls Cross Country,Brunswick,brunswick,1982;1983;1985;1991;1992,1989;1990;2017;2018;2019,,,,4-5
Girls Cross Country,Calvert,calvert,2012,,,,,4-5
Girls Cross Country,Cambridge-South Dorchester,cambridge-south-dorchester,2013,,,,,4-5
Girls Cross Country,Catoctin,catoctin,,2016,,,,4-5
Girls Cross Country,Catonsville,catonsville,1993,1994;1996;1999,,,,4-5
Girls Cross Country,Centennial,centennial,1990;2013;2015;2024,1987;2012;2023,,,,4-5
Girls Cross Country,Century,century,2009;2010;2011,2005;2007;2008;2015,,,,4-5
Girls Cross Country,Winston Churchill,winston-churchill,1979;1991,1977;1978;1980;1985,,,,4-5
Girls Cross Country,Crossland,crossland,1982;1983,1981,,,,4-5
Girls Cross Country,Damascus,damascus,1994,1995,,,,4-5
Girls Cross Country,Digital Harbor,digital-harbor,,2005,,,,4-5
Girls Cross Country,Dulaney,dulaney,1981;1992;1994;1995;1996;1997;2001,1982;1993;1998;1999;2000;2004;2005;2006;2015,,,,4-5
Girls Cross Country,Albert Einstein,albert-einstein,,2014,,,,4-5
Girls Cross Country,Fallston,fallston,,1993,,,,4-5
Girls Cross Country,Frederick,frederick,1989;1995,1980;1981;1988;1990;2004;2022;2023;2024,,,,4-5
Girls Cross Country,Friendly,friendly,,1976,,,,4-5
Girls Cross Country,Glenelg,glenelg,1990;2003,1983;1989;1992;1998;1999;2000;2001,,,,4-5
Girls Cross Country,Great Mills,great-mills,1989,,,,,4-5
Girls Cross Country,Harford Technical,harford-technical,2024,2023,,,,4-5
Girls Cross Country,Hereford,hereford,1978;1979;1980;2004;2005;2010;2011;2013;2015;2016;2017;2018;2021;2022;2023,1984;1996;2002;2003;2006;2007;2008;2009;2014;2024,,,,4-5
Girls Cross Country,Howard,howard,2006;2007;2019;2021,2018;2023,,,,4-5
Girls Cross Country,Thomas Johnson,thomas-johnson,,2009,,,,4-5
Girls Cross Country,Walter Johnson,walter-johnson,1996;1997;1998;1999;2013;2014;2015;2016;2017;2021;2023,1991;1992;1993;2002;2022,,,,4-5
Girls Cross Country,John F. Kennedy,john-f-kennedy,1983,,,,,4-5
Girls Cross Country,Francis Scott Key,francis-scott-key,,1994,,,,4-5
Girls Cross Country,Laurel,laurel,1985,1986;1987,,,,4-5
Girls Cross Country,Leonardtown,leonardtown,,1989,,,,4-5
Girls Cross Country,Liberty,liberty,2014;2019,1990;2021,,,,4-5
Girls Cross Country,Linganore,linganore,1993;1994;1995,2000,,,,4-5
Girls Cross Country,Loch Raven,loch-raven,2004,1982;1983;1985;1986;1991;2003;2010,,,,4-5
Girls Cross Country,Manchester Valley,manchester-valley,,2012,,,,4-5
Girls Cross Country,McDonough,mcdonough,1981,1984,,,,4-5
Girls Cross Country,Middletown,middletown,1981;1991;1992;1997;1998;1999;2000,1980;1990;2019,,,,4-5
Girls Cross Country,Mount Hebron,mount-hebron,,1997;1998;2010,,,,4-5
Girls Cross Country,North Carroll,north-carroll,1983;1984;1985;1986;2000,1982;1999;2001,,,,4-5
Girls Cross Country,North Hagerstown,north-hagerstown,1987,,,,,4-5
Girls Cross Country,North Harford,north-harford,1986,,,,,4-5
Girls Cross Country,Northern-C,northern-c,2016;2017;2018;2019,2015;2021,,,,4-5
Girls Cross Country,Northern-G,northern-g,2019;2021;2022,2016,,,,4-5
Girls Cross Country,Northwest,northwest,2002;2003,2004;2008;2010,,,,4-5
Girls Cross Country,Northwood,northwood,1975;1977;1978,1976,,,,4-5
Girls Cross Country,Oakdale,oakdale,,2018,,,,4-5
Girls Cross Country,Oakland Mills,oakland-mills,,1995;2012,,,,4-5
Girls Cross Country,Oxon Hill,oxon-hill,,1977,,,,4-5
Girls Cross Country,Perry Hall,perry-hall,1993,,,,,4-5
Girls Cross Country,Poolesville,poolesville,,2013;2022,,,,4-5
Girls Cross Country,Quince Orchard,quince-orchard,2001,1991;1992;1994;1996;2012,,,,4-5
Girls Cross Country,Reservoir,reservoir,2012,,,,,4-5
Girls Cross Country,River Hill,river-hill,2007;2008;2009;2014,2000;2005;2006;2011;2013;2016;2017,,,,4-5
Girls Cross Country,Rockville,rockville,,1980,,,,4-5
Girls Cross Country,Eleanor Roosevelt,eleanor-roosevelt,1986;1988;2004;2005;2006,1978;1987;2003;2007,,,,4-5
Girls Cross Country,Severna Park,severna-park,1987;1998;2005;2006;2009;2018;2022;2023;2024,1997;2017;2019,,,,4-5
Girls Cross Country,Sherwood,sherwood,,1979,,,,4-5
Girls Cross Country,Smithsburg,smithsburg,1978;2000;2001;2006;2014,1979;1984;1985;2009;2013;2015;2021;2022;2024,,,,4-5
Girls Cross Country,South Carroll,south-carroll,1996;1999;2007,1995;1997;2002;2008;2011,,,,4-5
Girls Cross Country,Towson,towson,1980;1982;1984;2001;2008,1981;2024,,,,4-5
Girls Cross Country,Westminster,westminster,1984,1983,,,,4-5
Girls Cross Country,Walt Whitman,walt-whitman,1990;1991;1992;2010,1988;1989;1995;2011,,,,4-5
Girls Cross Country,Wilde Lake,wilde-lake,1996,1997,,,,4-5
Girls Cross Country,Williamsport,williamsport,1979;1980;1981;1982;2002;2003;2005,1978;2004;2006,,,,4-5
Girls Cross Country,Winters Mill,winters-mill,,2004,,,,4-5
Girls Cross Country,Charles W. Woodward,charles-w-woodward,1985,,,,,4-5
Girls Cross Country,Thomas S. Wootton,thomas-s-wootton,,2016,,,,4-5
Girls Cross Country,C. Milton Wright,c-milton-wright,1988;1999;2000;2004;2007,,,,,4-5
Boys Cross Country,Allegany,allegany,1970;1993,2009,,,,14-15
Boys Cross Country,Atholton,atholton,1967;1989;2008,1979;1982;1983;1986;1997;2003;2004;2005;2006;2014;2015,,,,14-15
Boys Cross Country,Bethesda-Chevy Chase,bethesda-chevy-chase,1969;1971;1973;2007,1961;1966;1985;2024,,,,14-15
Boys Cross Country,Beall,beall,1974;1980;1981;2003;2004;2005,1960;1972;1975;1983,,,,14-15
Boys Cross Country,Bel Air,bel-air,1947;1948;1960;1963,1946;2006;2008,,,,14-15
Boys Cross Country,Montgomery Blair,montgomery-blair,1963,1956,,,,14-15
Boys Cross Country,Bohemia Manor,bohemia-manor,2008;2009;2011;2016,2012;2014;2018,,,,14-15
Boys Cross Country,Boonsboro,boonsboro,2012;2015;2018,1968;1978;1981;1984;1990;1996,,,,14-15
Boys Cross Country,Bowie,bowie,1984,,,,,14-15
Boys Cross Country,Broadneck,broadneck,1984;2004;2005,1990;2000;2002,,,,14-15
Boys Cross Country,Brooklyn Park,brooklyn-park,1964,1961;1962,,,,14-15
Boys Cross Country,Brunswick,brunswick,1946;1947;1948;1965;1966;1989;2021,1967,,,,14-15
Boys Cross Country,Calvert,calvert,,2017,,,,14-15
Boys Cross Country,Catoctin,catoctin,2010;2012;2013;2014,1976;2022;2023,,,,14-15
Boys Cross Country,Catonsville,catonsville,1946;1959;1960;1964,1947,,,,14-15
Boys Cross Country,Centennial,centennial,1978;1980;1993;2018;2023;2024,1988;1989;1994;2001;2002;2017;2019,,,,14-15
Boys Cross Country,Central Consolidated,central-consolidated,1961;1965;1966;1969,1960;1963;1968,,,,14-15
Boys Cross Country,Centreville,centreville,1956,,,,,14-15
Boys Cross Country,Century,century,,2016;2022,,,,14-15
Boys Cross Country,Chopticon,chopticon,,2022,,,,14-15
Boys Cross Country,Winston Churchill,winston-churchill,1968;1975;1977;1978,1967;2009;2010;2022,,,,14-15
Boys Cross Country,Clear Spring,clear-spring,2005;2006,,,,,14-15
Boys Cross Country,Damascus,damascus,1961;1965;2009,1960;1970;1995;1996,,,,14-15
Boys Cross Country,Dulaney,dulaney,1968;1979;1980;1981;1983;2015;2016,1967;1982;2001;2013;2014;2017,,,,14-15
Boys Cross Country,Dundalk,dundalk,1946;1961,1948;1949;1960;1963,,,,14-15
Boys Cross Country,Duval,duval,1972,1971,,,,14-15
Boys Cross Country,Easton,easton,,1992;1993,,,,14-15
Boys Cross Country,Albert Einstein,albert-einstein,2023,1971;1980;1985;2010,,,,14-15
Boys Cross Country,Elkridge,elkridge,1948;1949,,,,,14-15
Boys Cross Country,Fairmont Heights,fairmont-heights,1979,1960,,,,14-15
Boys Cross Country,Fallston,fallston,1981,1980;2021,,,,14-15
Boys Cross Country,Fort Hill,fort-hill,1995;1997,1964,,,,14-15
Boys Cross Country,Franklin,franklin,,1963,,,,14-15
Boys Cross Country,Friendly,friendly,1976,1977;1980,,,,14-15
Boys Cross Country,Gaithersburg,gaithersburg,1961;1971;2000,1965;1970;1973;2001,,,,14-15
Boys Cross Country,Glenelg,glenelg,1983;1991;2001;2002,1987;1990;1999;2000;2009;2010,,,,14-15
Boys Cross Country,Hagerstown,hagerstown,1947;1948;1949,,,,,14-15
Boys Cross Country,Hammond,hammond,,1982,,,,14-15
Boys Cross Country,Harford Technical,harford-technical,2024,,,,,14-15
Boys Cross Country,Havre De Grace,havre-de-grace,,1979,,,,14-15
Boys Cross Country,Havre De Grace Consolidated,havre-de-grace-consolidated,1960,,,,,14-15
Boys Cross Country,Hereford,hereford,1957;1958;1959;1960;1962;1968;1970;1971;1974;1976;1977;1978;2010;2011,1961;1969;1975;1992,,,,14-15
Boys Cross Country,High Point,high-point,,1977;1978;1979,,,,14-15
Boys Cross Country,Howard,howard,,1966;1977,,,,14-15
Boys Cross Country,Thomas Johnson,thomas-johnson,2013,2012,,,,14-15
Boys Cross Country,Walter Johnson,walter-johnson,2008;2009;2010;2011,1991;2003;2012,,,,14-15
Boys Cross Country,Joppatowne,joppatowne,1991;1992,,,,,14-15
Boys Cross Country,John F. Kennedy,john-f-kennedy,1974,,,,,14-15
Boys Cross Country,Kenwood,kenwood,1956;1958;1962;1967,1959;1976,,,,14-15
Boys Cross Country,Francis Scott Key,francis-scott-key,1990;2006,1970;1985;1991;2007,,,,14-15
Boys Cross Country,Laurel,laurel,,1987,,,,14-15
Boys Cross Country,Leonardtown,leonardtown,,1961,,,,14-15
Boys Cross Country,Liberty,liberty,2003;2004;2005;2015;2016;2017;2018;2023,1984;1985;1994;2014;2019;2021,,,,14-15
Boys Cross Country,Linganore,linganore,1967;1996;2017,1997;1999;2011;2016,,,,14-15
Boys Cross Country,Loch Raven,loch-raven,1976;1981;1983;1990,,,,,14-15
Boys Cross Country,Col. Zadok Magruder,col-zadok-magruder,,1973;1975,,,,14-15
Boys Cross Country,Middletown,middletown,1970;1972;1973;1976;1979;1982;1983;1984,1963;1964;1966;1969;1971;1977;1980;1996;2000,,,,14-15
Boys Cross Country,Milford Mill,milford-mill,,1953;1989,,,,14-15
Boys Cross Country,Richard Montgomery,richard-montgomery,1975;1980;1990;1995,1979;1981,,,,14-15
Boys Cross Country,Mount Hebron,mount-hebron,1969;2008;2021,2013,,,,14-15
Boys Cross Country,North Carroll,north-carroll,1985;1988,2011,,,,14-15
Boys Cross Country,North Dorchester,north-dorchester,1985,,,,,14-15
Boys Cross Country,North Hagerstown,north-hagerstown,1972,,1998,,,14-15
Boys Cross Country,North Harford,north-harford,1969;1982;2022,2006,1981,,,14-15
Boys Cross Country,Northwest,northwest,2001;2002,2004;2007,,,,14-15
Boys Cross Country,Northwestern-Pg,northwestern-pg,1973,1972,,,,14-15
Boys Cross Country,Northwood,northwood,,1962;2018;2019,,,,14-15
Boys Cross Country,Oakdale,oakdale,2019,,,,,14-15
Boys Cross Country,Oakland Mills,oakland-mills,1975;1984;1985;1986;1987;1988;1989;1992;1994;1999;2000;2001,1973;1974;1976;1990;1991;1993;1997;2003;2004,,,,14-15
Boys Cross Country,Ocean City,ocean-city,1952;1955,,,,,14-15
Boys Cross Country,Old Post,old-post,1947,1948,,,,14-15
Boys Cross Country,Paint Branch,paint-branch,,1973;1974,,,,14-15
Boys Cross Country,Parkville,parkville,1986,,,,,14-15
Boys Cross Country,Patterson Mill,patterson-mill,,2010,,,,14-15
Boys Cross Country,Robert E. Peary,robert-e-peary,1982,1983,,,,14-15
Boys Cross Country,Perry Hall,perry-hall,1987,1994,,,,14-15
Boys Cross Country,Perryville,perryville,2013,,,,,14-15
Boys Cross Country,Pittsville,pittsville,1946;1949,1947,,,,14-15
Boys Cross Country,Poolesville,poolesville,1964;1966;2021;2022,1965;1967;2013;2024,,,,14-15
Boys Cross Country,Quince Orchard,quince-orchard,1992;1993;1994;2006,1991;2009,,,,14-15
Boys Cross Country,River Hill,river-hill,1998;1999;2004;2007;2014;2015;2016;2019,2000;2003;2008;2018,,,,14-15
Boys Cross Country,Rockville,rockville,1985,1984,,,,14-15
Boys Cross Country,Eleanor Roosevelt,eleanor-roosevelt,,1984;1986,,,,14-15
Boys Cross Country,St. Michaels,st-michaels,,1965,,,,14-15
Boys Cross Country,Seneca Valley,seneca-valley,1977;1994,1978;1981,,,,14-15
Boys Cross Country,Severna Park,severna-park,2012;2013;2014;2017;2018;2019;2021;2022,1987;1989;1999;2008;2011;2015;2016;2023;2024,,,,14-15
Boys Cross Country,Sherwood,sherwood,1979;2003,2005;2006,,,,14-15
Boys Cross Country,Smithsburg,smithsburg,1977,2015;2019;2024,,,,14-15
Boys Cross Country,Somerset,somerset,1964;1965;1967;1968,,,,,14-15
Boys Cross Country,South Carroll,south-carroll,1997;1998;2000,1999;2007;2008,,,,14-15
Boys Cross Country,South Dorchester,south-dorchester,1958;1959;1993;1994;1995;1996;1997;2014,1998;2013;2016;2017,,,,14-15
Boys Cross Country,Sparrows Point,sparrows-point,1973,1972,,,,14-15
Boys Cross Country,Springbrook,springbrook,1962,1965;1968;1975,,,,14-15
Boys Cross Country,Surrattsville,surrattsville,,1969;1974,,,,14-15
Boys Cross Country,Sykesville,sykesville,1963,1962,,,,14-15
Boys Cross Country,Towson,towson,1950;1952;1953;1954;1955;1974;1987;2022;2023,1970,,,,14-15
Boys Cross Country,Harriet Tubman,harriet-tubman,1962;1963,1959;1964,,,,14-15
Boys Cross Country,Urbana,urbana,1999;2000;2003,2002;2005,,,,14-15
Boys Cross Country,Washington,washington,,1949,,,,14-15
Boys Cross Country,Westmar,westmar,1998,,,,,14-15
Boys Cross Country,Westminster,westminster,1982;1989;1991;1996;1997;1998;1999,1976;1988;1992;1993,,,,14-15
Boys Cross Country,Wheaton,wheaton,1965;1966,,,,,14-15
Boys Cross Country,Walt Whitman,walt-whitman,1970;1986;1988;1990;1991;1992;1995;2024,1969;1974;1983;1996;1997;1998;2021,,,,14-15
Boys Cross Country,Wilde Lake,wilde-lake,1971;1996;2005;2006,1994;1995;2007;2023,,,,14-15
Boys Cross Country,Williamsport,williamsport,1972;1975;2019,1971;1978;2011;2012,,,,14-15
Boys Cross Country,Winters Mill,winters-mill,2009;2010;2011,,,,,14-15
Boys Cross Country,Woodson,woodson,,1968,,,,14-15
Boys Cross Country,Charles W. Woodward,charles-w-woodward,,1972,,,,14-15
Boys Cross Country,Thomas S. Wootton,thomas-s-wootton,1978;2024,,,,,14-15
Boys Cross Country,C. Milton Wright,c-milton-wright,2001;2002,,,,,14-15
Field Hockey,Aberdeen,aberdeen,1977;1978,,,,,32-33
Field Hockey,Arundel,arundel,2021,,1983,,,32-33
Field Hockey,Atholton,atholton,2012,1980;2008,,,,32-33
Field Hockey,Bel Air,bel-air,1977;2015,,1978;1980;1983;1989;1990;1993;1994;2014;2016,,,32-33
Field Hockey,James M. Bennett,james-m-bennett,1993,1985;1990,1975;1981;1988;2000,,,32-33
Field Hockey,Bethesda-Chevy Chase,bethesda-chevy-chase,1988;1990;1992;1994;1995;1996;1997;1998;1999;2000;2001;2002;2004,1987;1989;1991;2003;2006;2007;2011;2014,1981;1993;2008,,,32-33
Field Hockey,James Hubert Blake,james-hubert-blake,,2009,2012;2016;2017;2018,,,32-33
Field Hockey,Bohemia Manor,bohemia-manor,,2009,2010,,,32-33
Field Hockey,Broadneck,broadneck,1986;2002;2022,2024,1985;2023,,,32-33
Field Hockey,Calvert,calvert,1990,1987;2003,1991;1992;1993;1999,,,32-33
Field Hockey,Catoctin,catoctin,1979,,1975;1978;1982,,,32-33
Field Hockey,Catonsville,catonsville,,1988;2012,1981;1997,,,32-33
Field Hockey,Centennial,centennial,1995,,1982;1994;1996;2001;2002;2007,,,32-33
Field Hockey,Century,century,2013;2016;2017,2007;2009;2010;2018,1981;1982;1995;2001;2011;2012,,,32-33
Field Hockey,Chopticon,chopticon,1991,1992,1984;1985,,,32-33
Field Hockey,Winston Churchill,winston-churchill,1978;1983,1975;1979;1982;1985;2016;2021;2022;2023,1977;1980;1984;1986;1987;1997;2005;2017;2018,,,32-33
Field Hockey,Crisfield,crisfield,,2012,2017;2018,,,32-33
Field Hockey,Crofton,crofton,2022;2023;2024,,,,,32-33
Field Hockey,Dulaney,dulaney,,1986;2010;2017;2018,1984;1996;1998;2003;2004;2006;2009;2011;2013;2015;2016;2021;2022,,,32-33
Field Hockey,Easton,easton,1988;1990;1991,1986;1992;1998,1989;1997;2001;2009;2012;2021;2024,,,32-33
Field Hockey,Elkton,elkton,,1976;1978;1983;1994;1999;2001,1977;1979;1980;1982;1991;1992;2000;2002;2003;2004;2005,,,32-33
Field Hockey,Fallston,fallston,1988;1989;1990;1993;1994;1996;1998;1999;2001;2007;2008;2009;2011;2012,1995;1997;2002;2005,1986;2003;2006;2010;2017;2023;2024,,,32-33
Field Hockey,Franklin,franklin,,1984,1976,,,32-33
Field Hockey,Glenelg,glenelg,2010;2011;2012;2017;2021;2022;2023,1979;2004;2006;2008,1987;1989;1990;1992;1999;2000;2003;2009;2013;2014;2016;2018,,,32-33
Field Hockey,Hereford,hereford,1979;1998;2001;2004;2006;2009;2014;2015;2016,1977;1981;1982;1984;1985;2000;2003;2012;2013;2017;2018;2021;2023,1978;1996;1997;1999;2005;2019,,,32-33
Field Hockey,Walter Johnson,walter-johnson,1989,1977;1998,1990;1997;2001;2012,,,32-33
Field Hockey,Joppatowne,joppatowne,1985,,1990,,,32-33
Field Hockey,John F. Kennedy,john-f-kennedy,1981,,1980;1982,,,32-33
Field Hockey,Kenwood,kenwood,,1977,1979;1992,,,32-33
Field Hockey,Kent County,kent-county,,1994;1997,1993;1995;1998;2003;2004;2007;2008;2013,,,32-33
Field Hockey,Kent Island,kent-island,2008,2014;2016,2006;2007;2010;2013;2015;2017;2018;2022,,,32-33
Field Hockey,Francis Scott Key,francis-scott-key,1977;1978;1986;1989,1987;1996;2017,1979;1980;1985;1988;1990;1991;1992;1994;2021;2022;2024,,,32-33
Field Hockey,Leonardtown,leonardtown,1982;1983;1988;1989,1979;1980;1981,1987,,,32-33
Field Hockey,Liberty,liberty,1981;1982;2016;2018,,1990;1993;2017;2021,,,32-33
Field Hockey,Linganore,linganore,1980;1993,2014,1988;2012,,,32-33
Field Hockey,Loch Raven,loch-raven,1979;1987;1992,1989,1978;1982;1996;2008;2011;2014,,,32-33
Field Hockey,Long Reach,long-reach,,1999;2000;2024,,,,32-33
Field Hockey,Col. Zadok Magruder,col-zadok-magruder,1984;1990;1996,1998,1979;1980;1991;1995,,,32-33
Field Hockey,Manchester Valley,manchester-valley,2024,2022,2009;2010;2011;2012;2015;2016;2021;2023,,,32-33
Field Hockey,Mardela,mardela,1978;1982,1979,,,,32-33
Field Hockey,Marriotts Ridge,marriotts-ridge,2019,2015;2022,2021,,,32-33
Field Hockey,Middletown,middletown,1981;1984;1985;1986;1987;1991,1977,1978;1983;1990;2005,,,32-33
Field Hockey,Richard Montgomery,richard-montgomery,1984,1983;1988;1993,1989;1992;1999;2000,,,32-33
Field Hockey,Mount Hebron,mount-hebron,2023,1997;1999;2001;2011,1981;1982;1998;2009,,,32-33
Field Hockey,North Carroll,north-carroll,1977;2013;2014,1978;1986;1987,1977;1983;1994;1998,,,32-33
Field Hockey,North Dorchester,north-dorchester,,1986;1995;1996,1887;1978;1985;1989;1993;1994;2001;2004;2019,,,32-33
Field Hockey,North Harford,north-harford,1975;1997,1994;2010;2023,1983;1984;1998;2001;2004;2005;2009;2010;2012,,,32-33
Field Hockey,Oakdale,oakdale,,2019,,,,32-33
Field Hockey,Oakland Mills,oakland-mills,,1989,1988,,,32-33
Field Hockey,Parkside,parkside,2005,1993,1984;1999;2019,,,32-33
Field Hockey,Parkville,parkville,,1985,1986;1987;1988,,,32-33
Field Hockey,Patapsco,patapsco,,1978,,,,32-33
Field Hockey,Patterson Mill,patterson-mill,,2010;2013,2008;2009;2015;2016,,,32-33
Field Hockey,Patuxent,patuxent,2017,2005;2015;2018;2021,2007;2008;2016;2019;2022;2023,,,32-33
Field Hockey,Perry Hall,perry-hall,1982,1980;1981;1983;1984,,,,32-33
Field Hockey,Pocomoke,pocomoke,1983;1987;1989;1992;1994;1995;1996;1997;1998;2001;2003;2004;2005;2006;2007;2008;2009;2010;2015;2021;2022;2024,1988;1990;1991;1993;2011;2023,,,,32-33
Field Hockey,Poolesville,poolesville,2002,2003;2004;2007;2011;2016,2011;2023;2024,,,32-33
Field Hockey,Quince Orchard,quince-orchard,2001;2006,2003;2007,1998;1999;2000;2004;2008;2010;2014;2019,,,32-33
Field Hockey,Rising Sun,rising-sun,2002;2003;2006;2007,1984;1995;2000;2005,1979;1987;1988;1989;1991;1992;1996;1999,,,32-33
Field Hockey,River Hill,river-hill,2010,2021;2022,2019,,,32-33
Field Hockey,St. Michaels,st-michaels,,1981;1982;1983,1984;1987,,,32-33
Field Hockey,Severna Park,severna-park,1979;1980;1981;1986;1987;1992;1993;1994;1995;1997;1998;1999;2000;2003;2005;2006;2007;2008;2009;2011;2013;2014;2015;2019;2021;2024,1988;1990;1991;1996,1982;1985;1989;2010,,,32-33
Field Hockey,Sherwood,sherwood,1980;1985,1982,2013,,,32-33
Field Hockey,South Carroll,south-carroll,1980;1983;1991;2002;2018;2023,1992;2022,2003;2004,,,32-33
Field Hockey,South River,south-river,2000;2004;2005;2012;2016;2017;2018,2006,2003,,,32-33
Field Hockey,Springbrook,springbrook,2003,2005,1981;1986;2008;2011;2015;2016,,,32-33
Field Hockey,Towson,towson,,2002,1979;1991;1995;1997,,,32-33
Field Hockey,Urbana,urbana,,2019,2013;2017,,,32-33
Field Hockey,Washington,washington,1999;2000,1980;2019,1984;1986,,,32-33
Field Hockey,Westminster,westminster,1976;1984;1985;1991;1996;2001;2010;2011;2014,1992;1997;2002;2009;2015;2016;2024,1983;1987;1989;1990;1993;1994;1995;1999;2000;2007;2008;2018;2021;2022,,,32-33
Field Hockey,Walt Whitman,walt-whitman,,1995;1999;2000;2004,1996;1997;2001;2002;2006;2021;2022;2023;2024,,,32-33
Field Hockey,Winters Mill,winters-mill,,2008,2006,,,32-33
Field Hockey,Thomas S. Wootton,thomas-s-wootton,,1978;2013;2015,1994;2007;2023,,,32-33
Field Hockey,C. Milton Wright,c-milton-wright,2013;2018,2017,,,,32-33
Football,Aberdeen,aberdeen,2003,,2011,,1986;1989;1991;1994;1996;1997,40-45
Football,Allegany,allegany,1978;1980;1983;1988;1989;1991;2001;2005,,1977;1982;1994;1997;2004;2009,1985;1986;2007,1987;1998,40-45
Football,Annapolis,annapolis,1978,,1992;2016,1984;2000,1985;1986;1987;1988;1989;1997;1998;1999;2001;2002,40-45
Football,Arundel,arundel,1975;2024,,,,1985;1994;1995;2019,40-45
Football,Atholton,atholton,,,1975;1976;1981;1994,1993;1997;2002;2003,1985;1990;1995;2021;2022;2024,40-45
Football,James M. Bennett,james-m-bennett,1982;1983;1985,,1987;1990,1984,1986;1988;1989,40-45
Football,Bohemia Manor,bohemia-manor,2002,,1985;1988,,1994;1998;1999;2022,40-45
Football,Boonsboro,boonsboro,1993,,1975;2001,1994,,40-45
Football,Bowie,bowie,2001,,1979;1987,1976,1985;1986,40-45
Football,Broadneck,broadneck,,,1983;1998;2000;2004;2006;2010;2015;2022;2024,2003;2023,1997;2001;2002;2021,40-45
Football,Brunswick,brunswick,,,2005;2010;2012;2022,1999,1985;1987;1992;1995;1998;2021,40-45
Football,Calvert,calvert,2000,,,,,40-45
Football,Cambridge-South Dorchester,cambridge-south-dorchester,1979;1995;1996,,1974;1975;1983;1985;1993;1994;1997;1998;1999;2013;2014;2019;2023,1976;1977;1978;1984;1992,1987;1991;2000;2024,40-45
Football,Catoctin,catoctin,2009;2019,,1982;1986;2008,,2023,40-45
Football,Winston Churchill,winston-churchill,1976;1977,,1974;1975;1984;2023,1982;1985;1988;1993;1995,2022,40-45
Football,Crossland,crossland,,,1977;1978;1995,1992,,40-45
Football,Damascus,damascus,1981;1992;1993;1996;2003;2005;2007;2015;2016;2017;2019;2022,,1999;2002;2010,1989;1990;2004;2014,1987;1998;2000;2001;2024,40-45
Football,Stephen Decatur,stephen-decatur,2023;2024,,1988;2004;2022,,2000;2002;2021,40-45
Football,Frederick Douglass - B,frederick-douglass-b,,,,2013;2014,,40-45
Football,Frederick Douglass - PG,frederick-douglass-pg,2014;2021,,,1975;2011;2012;2018,1992;1995;1996;2019,40-45
Football,DuVal,duval,1988,,1989;2014,,,40-45
Football,Eastern Technical,eastern-technical,2009,,2003;2010,1998;2007;2008,1997;2000;2001,40-45
Football,Edmondson-Westside,edmondson-westside,2006,,2000;2002;2011;2012;2016;2021,1999,2019,40-45
Football,Elkton,elkton,2000,,1978;1996;1999;2001;2006;2007;2012;2018;2019,1980;2016,,40-45
Football,Fairmont Heights,fairmont-heights,,,1985,1983;1987,1989;1998;2019,40-45
Football,Charles H. Flowers,charles-h-flowers,,,2011;2021;2024,2022,2019,40-45
Football,Forest Park,forest-park,1999,,1986;2015,1988;1998;2000,1987;1995;1997;1998;2000;2001;2021;2022,40-45
Football,Fort Hill,fort-hill,1975;1997;2013;2014;2015;2016;2018;2021;2022;2023;2024,,1974;1977;1979;1984;1985;1987;1992;1995;2004;2010;2011;2019,1986;1994;1996;1998;2006;2008;2017,1990;1993;2000,40-45
Football,Franklin,franklin,2013;2014;2018,,2006,1978;2010;2016,1985;1986;1987;1988;1994;2019;2021;2022;2023;2024,40-45
Football,Frederick,frederick,,,2021,1985,,40-45
Football,Friendly,friendly,1974;1978;1983;1998;2006,,1980;1988;1997;2015,1977;1981,1987;1989;1992,40-45
Football,Gaithersburg,gaithersburg,1986;1992;2000,,2001;2002;2010,1989;1995;1999,1997;1998,40-45
Football,Glenelg,glenelg,,,1977;2000;2014;2016;2017,2018,1985;1992;2001;2002;2021,40-45
Football,Great Mills,great-mills,,,,1981,1989,40-45
Football,Gwynn Park,gwynn-park,2005,,1992;2003,2000;2017,,40-45
Football,Havre de Grace,havre-de-grace,1978;1981;1986,,1979;1984;1995;2006;2017;2018,1985;1987;1988;2010;2015;2016,1992;2002;2023,40-45
Football,Hereford,hereford,1997;2001;2002,,1996;1998;1999;2000;2008;2009,2004;2007,1995;1996;1999;2022,40-45
Football,High Point,high-point,,,1985;1997,1983;1991,1986;1990;1994,40-45
Football,Howard,howard,1974,,1999;2014;2016;2017,1975;2015,1993,40-45
Football,Huntingtown,huntingtown,,,2010;2011;2013;2018;2019;2021,2009;2012;2023;2024,2022,40-45
Football,Governor Thomas Johnson,governor-thomas-johnson,1982,,1994;1996;2007;2009,1997;2011,1993;1995,40-45
Football,Joppatowne,joppatowne,1975;2003,,,1974;1976;2001;2004;2009,1989;1990;1992;1994;2021,40-45
Football,John F. Kennedy,john-f-kennedy,1977;1984,,,,1992,40-45
Football,Kent County,kent-county,1989;1990,,1987;1995;2016,1996,1985;1986;1988;1993;1994,40-45
Football,Kent Island,kent-island,,,2011;2013;2014,2022,2021;2023,40-45
Football,Henry E. Lackey,henry-e-lackey,1986,,,2003;2004,1987;1989;1993,40-45
Football,Largo,largo,1976,,1991,1994,,40-45
Football,Laurel,laurel,1987,,,,1990;1992,40-45
Football,Linganore,linganore,1989;1991;1995;2003;2009;2017,,1980,1987;1992;2002;2008;2013;2018;2019;2021;2023;2024,1986,40-45
Football,Loch Raven,loch-raven,,,1974;1977;1979;1984,1981,,40-45
Football,Col. Zadok Magruder,col-zadok-magruder,1984;1986,,1988,1989,,40-45
Football,Maurice J. McDonough,maurice-j-mcdonough,1983;1985;1990;2010,,1986,1991;2006,1988,40-45
Football,Middletown,middletown,2011;2012;2013;2019,,,1981;1991;2002;2010,,40-45
Football,Milford Mill Academy,milford-mill-academy,1987;2022,,1985;1989;1991;2005;2012;2023;2024,1983;2017;2021,1988;1993;1995;1997;1999;2019,40-45
Football,Richard Montgomery,richard-montgomery,1981,,2001,,1985,40-45
Football,Mount Hebron,mount-hebron,,,1980,1982,2023,40-45
Football,Mountain Ridge,mountain-ridge,,,,2021;2022;2023,,40-45
Football,New Town,new-town,,,2018;2019,2012,2024,40-45
Football,North County,north-county,1994,,1992,,1991;1993;1996,40-45
Football,Northern - Calvert,northern-calvert,2021,,1988;1989;1990;2023,,2024,40-45
Football,Northern - Garrett,northern-garrett,,,1982;1992;2000,2024,1990;1991;1999,40-45
Football,Northwest,northwest,2004;2013;2014,,2002;2006;2015;2021,2019,1999;2000;2023;2024,40-45
Football,"Northwood (6, 2-6",northwood-6-2-6,,,1975,1974;1982,,40-45
Football,Oakdale,oakdale,2018;2023,,,2022,,40-45
Football,Oakland Mills,oakland-mills,1998,,1978;1983;1984;1990;2021;2024,1982;2001,1991;1994;1995;2000;2002;2023,40-45
Football,Old Mill,old-mill,2009;2011,,2005;2019,2014,,40-45
Football,Overlea,overlea,,,1983;1987;1989;1991;1992;2011,1988,1986;1990;1993,40-45
Football,Oxon Hill,oxon-hill,1982,,1984;1986;1989;1990;1991;1993;2017,,1985;1987;1988;1996,40-45
Football,Paint Branch,paint-branch,1975,,2013,1974,1989;1991;1998;2000;2019;2021;2022,40-45
Football,Parkdale,parkdale,1974;2002,,,1975,1989;2000,40-45
Football,Patuxent,patuxent,2015,,,,,40-45
Football,Perry Hall,perry-hall,,,,1974,,40-45
Football,Perryville,perryville,,,2012;2021;2023;2024,2011,1991;1996;2019;2022,40-45
Football,Pikesville,pikesville,,,1997,1993,1994;1998;1999,40-45
Football,Poolesville,poolesville,,,1974;1989,1983,1985;1988;1996;1997,40-45
Football,Potomac,potomac,2004;2005,,2004;2008;2010;2015;2016,1995;2003;2009;2019,1985;1993;1994;1996;1999;2001;2022;2023,40-45
Football,Quince Orchard,quince-orchard,1991;2007;2018;2021;2022;2024,,2019,2011;2012;2016;2017,1993,40-45
Football,Randallstown,randallstown,1984;1990,,1975;1976;1988;1989;1998;1999;2003,1979;1980,,40-45
Football,River Hill,river-hill,2007;2008;2011;2012,,2005;2009;2013;2022,2006,,40-45
Football,Eleanor Roosevelt,eleanor-roosevelt,1999,,,1996;2001,1995,40-45
Football,Seneca Valley,seneca-valley,1976;1977;1979;1980;1987;1992;1993;1994;1997;1998;1999;2002,,1985;1991;1995;1996;2001;2008,,,40-45
Football,Sherwood,sherwood,1995;1996;2008,,,1979;2000;2002;2005;2006,,40-45
Football,Smithsburg,smithsburg,1976;1979;1984;1988;1994,,1974;1977;1978;1985;1987,1975;1989;1990;1991,1992;1993,40-45
Football,Snow Hill,snow-hill,1980;1982,,1974;1976;1979;1994,1977;1978;2005,1987;1997;2001,40-45
Football,South River,south-river,,,1982;1986,1984,1985;1991,40-45
Football,Southern - AA,southern-aa,,,2006,1993,2002,40-45
Football,Southern - Garrett,southern-garrett,,,1983;1984;1987;1988,1979;1980;1995,1994;2001,40-45
Football,Springbrook,springbrook,1979;1980;1981;1985;1988;1989,,1990;1994,1986;1987,,40-45
Football,Thomas Stone,thomas-stone,,,1981;1982;2014,1980;1999,1987;1992;1996,40-45
Football,Suitland,suitland,2004;2006,,2007,1997;1998;2013,,40-45
Football,Urbana,urbana,1998;1999;2000;2001;2010,,,,1997,40-45
Football,Walkersville,walkersville,1987;2016,,1988;2023,1986;1992;2015,1990;1996;2022;2024,40-45
Football,Watkins Mill,watkins-mill,1993,,,,1991;1999,40-45
Football,Westlake,westlake,2008,,2024,1996,1995;1998;1999;2001,40-45
Football,Westminster,westminster,,,1981;2012,1976;2005,2019;2021;2022,40-45
Football,Wheaton,wheaton,1996,,1979;1980,1994,,40-45
Football,Walt Whitman,walt-whitman,,,,1978,1988,40-45
Football,Wilde Lake,wilde-lake,1985;1990;1991;1992;1997;2010,,1989;2007,2008,1986;1988;1993;1996;1998;1999;2002;2019;2023,40-45
Football,Winters Mill,winters-mill,2012;2015;2016;2017;2019;2023,,2008;2018;2022,2009;2010;2021;2024,,40-45
Football,Woodlawn,woodlawn,,,1976;1979;1980;1981;1982;1983;1997;2003,1977,1993;1996;2002,40-45
Football,Thomas S. Wootton,thomas-s-wootton,,,1976;1978,1990,,40-45
Football,C. Milton Wright,c-milton-wright,,,1992;1993;1994;1995;1998,1990,1988;1989;1991,40-45
Golf,Arundel,arundel,1991;1992,1995,,,,48
Golf,James M. Bennett,james-m-bennett,2002;2003,1984;2000;2001,,,,48
Golf,Boonsboro,boonsboro,,1994;2021,,,,48
Golf,Bowie,bowie,1981;1986,1974;1977;1978;1979;1980,,,,48
Golf,Cambridge-South Dorchester,cambridge-south-dorchester,1995,1993,,,,48
Golf,Winston Churchill,winston-churchill,1976;1987;1988;1995;1998;2002;2003;2004;2005;2006;2008;2014;2015;2016;2019;2024,1986;2000;2001;2009;2013;2017,,,,48
Golf,Crossland,crossland,,1975,,,,48
Golf,Damascus,damascus,1993,1990;1991;2010,,,,48
Golf,Stephen Decatur,stephen-decatur,,2005,,,,48
Golf,Dulaney,dulaney,2000,1994,,,,48
Golf,Frederick,frederick,1972,,,,,48
Golf,Gaithersburg,gaithersburg,1974;1985,1973;1987;1996,,,,48
Golf,Glenelg,glenelg,2006,2007;2008;2012,,,,48
Golf,High Point,high-point,,1981,,,,48
Golf,Walter Johnson,walter-johnson,,2015,,,,48
Golf,Kent Island,kent-island,,2017,,,,48
Golf,La Plata,la-plata,,2003;2006;2007,,,,48
Golf,Liberty,liberty,2007,2002,,,,48
Golf,Linganore,linganore,,2019,,,,48
Golf,Col. Zadok Magruder,col-zadok-magruder,1971;1973,1972,,,,48
Golf,Marriotts Ridge,marriotts-ridge,2012;2013;2014;2015;2016;2017,2009;2011;2022;2023,,,,48
Golf,McDonough,mcdonough,2001;2011,2010,,,,48
Golf,Middletown,middletown,1996;2009,1995;1997;2015;2016,,,,48
Golf,North Caroline,north-caroline,1997,1996,,,,48
Golf,North Carroll,north-carroll,2010,,,,,48
Golf,North Harford,north-harford,,2008,,,,48
Golf,North Point,north-point,,2004;2005;2018,,,,48
Golf,Oakdale,oakdale,2019,,,,,48
Golf,Parkside,parkside,2004,2006,,,,48
Golf,Robert E. Peary,robert-e-peary,1978,1971,,,,48
Golf,Pikesville,pikesville,2000;2001,1998;2003,,,,48
Golf,Poolesville,poolesville,2021;2022,2013;2023,,,,48
Golf,Quince Orchard,quince-orchard,1989;1993,1992,,,,48
Golf,River Hill,river-hill,2022;2023,2018;2024,,,,48
Golf,Seneca Valley,seneca-valley,1982;1984,1983,,,,48
Golf,Sherwood,sherwood,1980;1994,1993;2022,,,,48
Golf,Smithsburg,smithsburg,2005,2002,,,,48
Golf,South Carroll,south-carroll,2023;2024,2014;2022,,,,48
Golf,Thomas Stone,thomas-stone,,1988,,,,48
Golf,Urbana,urbana,2009;2010;2011;2018;2021,1999;2012;2019,,,,48
Golf,Walkersville,walkersville,1994;1998;1999,1997;2004,,,,48
Golf,Watkins Mill,watkins-mill,,1997,,,,48
Golf,Westminster,westminster,,1985;1999,,,,48
Golf,Walt Whitman,walt-whitman,1975;1977;1979;1990;1999;2007,1976;1989;1998;2011;2016,,,,48
Golf,Thomas S. Wootton,thomas-s-wootton,1983;1996;1997;2012;2013,1982;2014;2019,,,,48
Girls Soccer,Arundel,arundel,,1996,,,,57-58
Girls Soccer,Bel Air,bel-air,2015,2000;2002,1996;1998;2010;2013;2014;2016;2017,,,57-58
Girls Soccer,James M. Bennett,james-m-bennett,,2004,2001,,,57-58
Girls Soccer,Bethesda-Chevy Chase,bethesda-chevy-chase,2001;2004;2008;2009;2010;2011,2002;2006;2012,,,,57-58
Girls Soccer,Bowie,bowie,,2010,1995;1996;1997;1998;1999;2004;2008;2009;2012,,,57-58
Girls Soccer,Broadneck,broadneck,2015;2017,2021,1998;2022,,,57-58
Girls Soccer,Brunswick,brunswick,,2011;2012;2021,2024,,,57-58
Girls Soccer,Calvert,calvert,2014;2019,,2002;2012;2015;2016;2021,,,57-58
Girls Soccer,Catonsville,catonsville,,2013,2007,,,57-58
Girls Soccer,Centennial,centennial,1991;1992;1994;1995;1998;2001,2004,1993;2016,,,57-58
Girls Soccer,Century,century,2002;2003;2013,,1991;1993;2005;2007;2015;2016;2019;2024,,,57-58
Girls Soccer,Crofton,crofton,2022,2024,,,,57-58
Girls Soccer,Dulaney,dulaney,1993,1991;1992,,,,57-58
Girls Soccer,Eastern Technical,eastern-technical,2005,1999;2007;2008,2001;2002;2003;2004;2009;2010;2021,,,57-58
Girls Soccer,Fallston,fallston,1994;1996;2009;2015;2021;2022,1997;2008;2012,1993;1995;2016;2017;2018,,,57-58
Girls Soccer,Franklin,franklin,,2001,1989;2003,,,57-58
Girls Soccer,Glenelg,glenelg,1997;1999;2000;2006;2007;2008;2021,2003;2010;2022,2009;2011;2023,,,57-58
Girls Soccer,Hammond,hammond,1989;1991;1998,1993;1996,1999,,,57-58
Girls Soccer,Harford Technical,harford-technical,,2009,,,,57-58
Girls Soccer,Havre De Grace,havre-de-grace,2023,,1998,,,57-58
Girls Soccer,Hereford,hereford,2000,1995;1997;2017;2021;2023,1994;2008;2009;2014;2018;2022,,,57-58
Girls Soccer,Howard,howard,,2014,,,,57-58
Girls Soccer,Huntingtown,huntingtown,2011,2010;2013;2017,2005;2006;2009;2012;2015;2021;2022,,,57-58
Girls Soccer,Governor Thomas Johnson,governor-thomas-johnson,1997;2001,2018,1999;2000;2008,,,57-58
Girls Soccer,Walter Johnson,walter-johnson,2016,,2002,,,57-58
Girls Soccer,Joppatowne,joppatowne,,1989,,,,57-58
Girls Soccer,Leonardtown,leonardtown,1998;2006;2008,2015,1999;2001;2010,,,57-58
Girls Soccer,Liberty,liberty,1996;2024,,1992;1993;1994,,,57-58
Girls Soccer,Linganore,linganore,2017,2014;2015,1995;2019,,,57-58
Girls Soccer,Loch Raven,loch-raven,1993;1996;1999;2001;2003;2009,1992;2013;2019,1990;1991;1997;1998;2006;2010,,,57-58
Girls Soccer,Manchester Valley,manchester-valley,2011;2012,,2013;2014;2015,,,57-58
Girls Soccer,Mardela,mardela,,2024,2007;2008;2009;2010;2012;2014;2023,,,57-58
Girls Soccer,Middletown,middletown,1990;1999;2000;2004;2010;2011;2012,1998;2005;2019,1997,,,57-58
Girls Soccer,Montgomery Blair,montgomery-blair,,2023,2022,,,57-58
Girls Soccer,Mount Hebron,mount-hebron,2021,2022;2023,1992;2000;2018,,,57-58
Girls Soccer,Mountain Ridge,mountain-ridge,,2010,2009;2015;2021,,,57-58
Girls Soccer,North Carroll,north-carroll,,1998,1991,,,57-58
Girls Soccer,North Point,north-point,2018;2019,2016,2000;2007;2008;2024,,,57-58
Girls Soccer,Oakdale,oakdale,2010,,2014;2021;2022;2023;2024,,,57-58
Girls Soccer,Oakland Mills,oakland-mills,1992;1995,1990;1994,1989;1996;1997,,,57-58
Girls Soccer,Parkville,parkville,,1999,2000,,,57-58
Girls Soccer,Parkside,parkside,,2006,2005;2007;2008;2011;2013,,,57-58
Girls Soccer,Patapsco,patapsco,,1990,,,,57-58
Girls Soccer,Patterson Mill,patterson-mill,2019,2015;2016;2017,,,,57-58
Girls Soccer,Perry Hall,perry-hall,2018;2019,1994;2001;2002;2003;2016,1998;2006;2011;2023;2024,,,57-58
Girls Soccer,Perryville,perryville,,2006;2023,,,,57-58
Girls Soccer,Poolesville,poolesville,2002;2024,2003,2004,,,57-58
Girls Soccer,Quince Orchard,quince-orchard,2002;2007,2006;2008;2022,2017;2021,,,57-58
Girls Soccer,Reservoir,reservoir,2010,2009,2005;2011;2015,,,57-58
Girls Soccer,River Hill,river-hill,1997;1999;2000;2001;2006;2007;2008;2012;2013;2014;2016;2017;2018,2021,2003;2005;2023,,,57-58
Girls Soccer,Eleanor Roosevelt,eleanor-roosevelt,2003,2000,2001;2005;2006;2007;2011;2013;2014;2017;2018,,,57-58
Girls Soccer,Severna Park,severna-park,1989;1990;1995;2000;2002;2003;2023,1993;1998;2011,1992;1994;1997;2004;2007;2018,,,57-58
Girls Soccer,Smithsburg,smithsburg,2001;2005;2006,2002;2013;2014,2003;2004;2016,,,57-58
Girls Soccer,South Carroll,south-carroll,,2022,1992;2006,,,57-58
Girls Soccer,South River,south-river,1996;1997;2012,2004,1998;2002;2003;2009;2013;2014;2016,,,57-58
Girls Soccer,Southern-Aa,southern-aa,,2011,,,,57-58
Girls Soccer,Sparrows Point,sparrows-point,2013;2014;2015;2016;2017;2018;2023,2004;2005;2007,1999;2002;2006;2011;2012;2022;2024,,,57-58
Girls Soccer,Towson,towson,,2005;2024,1989;1990;2006,,,57-58
Girls Soccer,Tuscarora,tuscarora,2004;2005;2009,,2010,,,57-58
Girls Soccer,Urbana,urbana,2007;2016,2003;2009;2011,1996;2001;2012,,,57-58
Girls Soccer,Walkersville,walkersville,,2018,,,,57-58
Girls Soccer,Westminster,westminster,1999,,1996;2004,,,57-58
Girls Soccer,Walt Whitman,walt-whitman,2004;2013;2014;2021;2022;2023;2024,2005;2018,,,,57-58
Girls Soccer,Wilde Lake,wilde-lake,,1991;2007;2015,1989,,,57-58
Girls Soccer,Williamsport,williamsport,,1998;1999;2000,,,,57-58
Girls Soccer,Winters Mill,winters-mill,,2009,2017,,,57-58
Girls Soccer,Thomas S. Wootton,thomas-s-wootton,1998,,1999;2000,,,57-58
Girls Soccer,C. Milton Wright,c-milton-wright,2005,1989;2007;2012,,,,57-58
Boys Soccer,Aberdeen,aberdeen,1973;1979,,1972,,,60-61
Boys Soccer,Allegany,allegany,,2023,2015;2021;2022,,,60-61
Boys Soccer,Andover,andover,1989,,1973,,,60-61
Boys Soccer,Arundel,arundel,1987,,1986;2019,,,60-61
Boys Soccer,Atholton,atholton,1990;2004,,2003;2009;2015,,,60-61
Boys Soccer,Beall,beall,2004,1980,1983;1984;1990,,,60-61
Boys Soccer,Bel Air,bel-air,,1995;2007;2016,1975;1978;1984;1986;1987;1989;1996;1997,,,60-61
Boys Soccer,James M. Bennett,james-m-bennett,2008;2021,1980;1999,1973;1974;1975;1977;2018;2022,,,60-61
Boys Soccer,Bethesda-Chevy Chase,bethesda-chevy-chase,1980;1982;1984;2001;2007;2017,,1974;1987;1995;1997;1998;2002;2003;2004,,,60-61
Boys Soccer,Montgomery Blair,montgomery-blair,1975;2024,,1974;1983;2015;2022,,,60-61
Boys Soccer,James Hubert Blake,james-hubert-blake,,2013,,,,60-61
Boys Soccer,Boonsboro,boonsboro,,2008,,,,60-61
Boys Soccer,Bowie,bowie,1978;1982;1983;1986;1987;1990;1991;2008;2011;2022,1980;1997;2000,1974;1977;1979;1981;1989;1994;2004;2006;2007;2017;2021,,,60-61
Boys Soccer,Broadneck,broadneck,,1990;2005,1984;1986;2006;2009,,,60-61
Boys Soccer,Brunswick,brunswick,1990;2012;2014;2021,2010;2024,2009,,,60-61
Boys Soccer,Catoctin,catoctin,,1973,1975;1978;1989,,,60-61
Boys Soccer,Centennial,centennial,1983;1984;1987;1991;1992;1994;1995,1974;1975;1993;2022,1976;1977;1978;1982;1996;2017,,,60-61
Boys Soccer,Century,century,1998;2003;2019,2014;2023,1994;2006;2009;2017;2021,,,60-61
Boys Soccer,Winston Churchill,winston-churchill,1980;1985;1992;1993;1994;1999;2002,1991;1998,1973;1976;1982;1995,,,60-61
Boys Soccer,Clarksburg,clarksburg,2009,,,,,60-61
Boys Soccer,Clear Spring,clear-spring,1976,1991,1993;2006;2017,,,60-61
Boys Soccer,Crisfield,crisfield,1977,1969;2015,1978;1980;1998;2019,,,60-61
Boys Soccer,Damascus,damascus,2023,,1989,,,60-61
Boys Soccer,Stephen Decatur,stephen-decatur,2002,2001,1994;1996,,,60-61
Boys Soccer,Dulaney,dulaney,1999,1975;1994;2001;2002,1983;1987;1989;1991;1993;2000,,,60-61
Boys Soccer,Dundalk,dundalk,1969;1970;1974,1973,1992;2009,,,60-61
Boys Soccer,Eastern Technical,eastern-technical,2017,2004,2001;2003;2010;2014,,,60-61
Boys Soccer,Easton,easton,1989;1993;1994,1992;1997;2014,1986;1987;1991,,,60-61
Boys Soccer,Elkton,elkton,1985,,1978;1979;1984,,,60-61
Boys Soccer,Fallston,fallston,1992,1982;1983;1990;1993;1999;2008;2009;2011;2013;2016;2021;2022,1981;1988;1991;1998;2004;2015;2017,,,60-61
Boys Soccer,Franklin,franklin,,1990;2000,1988;1991;1993;2007,,,60-61
Boys Soccer,Glen Burnie,glen-burnie,,1974;1976,,,,60-61
Boys Soccer,Glenelg,glenelg,1992;1997;2022,,1993;2021,,,60-61
Boys Soccer,Great Mills,great-mills,,2017,1973;2023,,,60-61
Boys Soccer,Hammond,hammond,,2005,2001;2002,,,60-61
Boys Soccer,Harford Technical,harford-technical,2023,2021,2006,,,60-61
Boys Soccer,Havre De Grace,havre-de-grace,,1990,1984;2011;2012;2013;2014;2024,,,60-61
Boys Soccer,Hereford,hereford,1987;1988;1989;2013,2009,1985;1993;1994;1997;1998;1999;2005;2010;2011;2018;2019;2024,,,60-61
Boys Soccer,High Point,high-point,,2002,1975;1996;2001;2003;2009;2010,,,60-61
Boys Soccer,Howard,howard,1989,,2014;2023,,,60-61
Boys Soccer,Huntingtown,huntingtown,,2014,2017;2018;2019,,,60-61
Boys Soccer,Governor Thomas Johnson,governor-thomas-johnson,2006,,2001;2004,,,60-61
Boys Soccer,Walter Johnson,walter-johnson,,1972;1975;1977;1983;1996;2011,1969;1997;1999;2003,,,60-61
Boys Soccer,John F. Kennedy,john-f-kennedy,1978;1989,1980;1985,1979;1984;1986;1990,,,60-61
Boys Soccer,Kenwood,kenwood,2003,,,,,60-61
Boys Soccer,Francis Scott Key,francis-scott-key,1985;1986,2019,1992,,,60-61
Boys Soccer,La Plata,la-plata,,1997;2015;2019,1992;1994;2000;2008,,,60-61
Boys Soccer,Largo,largo,,1973;1974,,,,60-61
Boys Soccer,Laurel,laurel,,1977,1975;1987,,,60-61
Boys Soccer,Leonardtown,leonardtown,2023,2019,2002,,,60-61
Boys Soccer,Liberty,liberty,2005;2024,2008;2010,1981;1991;2002;2004;2007;2023,,,60-61
Boys Soccer,Linganore,linganore,1998,,2010,,,60-61
Boys Soccer,Loch Raven,loch-raven,1974;1975;1977;2009,1976;2006;2007;2018,1972;1980;2003;2004;2008;2015,,,60-61
Boys Soccer,Col. Zadok Magruder,col-zadok-magruder,2001;2007;2010,2018,2005;2008;2013,,,60-61
Boys Soccer,Manchester Valley,manchester-valley,,2011,2017,,,60-61
Boys Soccer,Marriotts Ridge,marriotts-ridge,2009;2010;2011;2012,,2008,,,60-61
Boys Soccer,McDonough,mcdonough,,2014,1982,,,60-61
Boys Soccer,Meade,meade,,1978;2015,1991,,,60-61
Boys Soccer,Middletown,middletown,1973;1980;1993;2015,1974;1977;1978;1981;1987;1988;1994,1999,,,60-61
Boys Soccer,Richard Montgomery,richard-montgomery,,2024,,,,60-61
Boys Soccer,Mount Hebron,mount-hebron,1999;2000;2006,2011;2016;2024,2019,,,60-61
Boys Soccer,Mount Savage,mount-savage,1978;1987,1986;1989,1977;1985;1988,,,60-61
Boys Soccer,Mountain Ridge,mountain-ridge,2010;2011;2019,,2009;2018;2024,,,60-61
Boys Soccer,North Carroll,north-carroll,2013;2015,2006,1973;1979;1980;1987,,,60-61
Boys Soccer,North Dorchester,north-dorchester,,1979;1983,1973;1974;1975;1978;1980,,,60-61
Boys Soccer,North Harford,north-harford,,2010;2013;2022,1985;1992;1994;2001;2006;2007;2009;2012,,,60-61
Boys Soccer,Northwest,northwest,1973;1995;2021,1970;1992;2021;2023,1993;2012,,,60-61
Boys Soccer,Oakdale,oakdale,2014;2015;2018,,2019,,,60-61
Boys Soccer,Oakland Mills,oakland-mills,1979;1980;1981;1985;1986;1988;1990;1994;1998;1999;2000;2002,1978;2001,1976;1992;2003;2013,,,60-61
Boys Soccer,Old Mill,old-mill,,2003;2004,1985;2002,,,60-61
Boys Soccer,Overlea,overlea,1971,,1990,,,60-61
Boys Soccer,Parkside,parkside,2021,2000;2003;2024,1976;1982;1990;1992;1993;1995;1998;2004;2019;2022,,,60-61
Boys Soccer,Patapsco,patapsco,1976;1977;1995,1998,1978;1979;1980;1981;1982;1984;1997,,,60-61
Boys Soccer,Patterson Mill,patterson-mill,2018,2017,2015;2016,,,60-61
Boys Soccer,Perry Hall,perry-hall,2015,1995;2001;2007;2008,1996;1998;2002;2011;2012;2024,,,60-61
Boys Soccer,Pikesville,pikesville,2016,2013,,,,60-61
Boys Soccer,Pocomoke,pocomoke,1988;1995;2001;2003;2005;2006;2007;2008,1971;1972;1985;2004;2009;2016,1969;1970;1996;2014,,,60-61
Boys Soccer,Poolesville,poolesville,,1994;2007,1995;2004;2005,,,60-61
Boys Soccer,Queen Anne'S,queen-annes,,2012,1974;1975;2005;2006,,,60-61
Boys Soccer,Reservoir,reservoir,2010;2012,,,,,60-61
Boys Soccer,Rising Sun,rising-sun,,1973;2005,1971;1976;1996;2002,,,60-61
Boys Soccer,River Hill,river-hill,1997;1998;1999;2002;2003;2004;2005;2007;2014;2024,1996;2017;2018,2000;2013,,,60-61
Boys Soccer,Rockville,rockville,1981;1983;1984;1988;1991;1992;1996,1986,,,,60-61
Boys Soccer,Eleanor Roosevelt,eleanor-roosevelt,1984,,1985;1988;1998;1999;2015;2016,,,60-61
Boys Soccer,St. Michaels,st-michaels,1974;1975,1976;1984;1997,1977;1979;1981;1982;1999;2000;2002,,,60-61
Boys Soccer,Severna Park,severna-park,1983;2001;2013,1979;1981;1982;1988;1989;1993;1996;2004;2012;2017;2022,1980;1984;1995;1999;2007;2008;2010;2011;2016;2021,,,60-61
Boys Soccer,Sherwood,sherwood,1977;1985;1986;1988;2004;2005,1976;1979,2017,,,60-61
Boys Soccer,Smithsburg,smithsburg,,2002,2001,,,60-61
Boys Soccer,South Carroll,south-carroll,,1988,2008;2011;2012;2013,,,60-61
Boys Soccer,South River,south-river,1987;2023,,1987;1990;2024,,,60-61
Boys Soccer,Sparrows Point,sparrows-point,1973;1974;1975;2006,1977;1995,1983;2000;2001;2008,,,60-61
Boys Soccer,Thomas Stone,thomas-stone,1996;1998,1991,1979;1980;1981;1988;1989;1992;1993;1995,,,60-61
Boys Soccer,Towson,towson,1972;1986;1991;2003,1981;1982;1984;2002,1983;1985;1996;2006;2008;2016;2022,,,60-61
Boys Soccer,Tuscarora,tuscarora,2008;2022,,2021,,,60-61
Boys Soccer,Urbana,urbana,2013;2016,2009;2010;2012;2018,2000;2014;2022;2023,,,60-61
Boys Soccer,Walkersville,walkersville,1972,1975;1982,1971,,,60-61
Boys Soccer,Washington,washington,,2012,2010;2011,,,60-61
Boys Soccer,Watkins Mill,watkins-mill,2011,,2016,,,60-61
Boys Soccer,Walt Whitman,walt-whitman,1979;1981;1989;1993;1996;1997;2000;2009;2014;2018;2019,1978;1992,1990;1991;1994;1995;2023;2024,,,60-61
Boys Soccer,Wilde Lake,wilde-lake,1976;1981;1982;1983;1984;1991;1997;2019,1993;1995;1996,1977;1998,,,60-61
Boys Soccer,Williamsport,williamsport,1979;1996,1998;1999;2000;2003,1994;1995;2005,,,60-61
Boys Soccer,Charles W. Woodward,charles-w-woodward,1976;1982;1986,1979;1981;1984;1985,1977;1978;1983,,,60-61
Boys Soccer,Thomas S. Wootton,thomas-s-wootton,2012,,1973;1990;2019,,,60-61
Boys Soccer,C. Milton Wright,c-milton-wright,2017;2018;2024,1987;1994;2015;2019,,,,60-61
Volleyball,Allegany,allegany,,1998;1999,1977,,,70-72
Volleyball,Andover,andover,1977,,1976,,,70-72
Volleyball,Arundel,arundel,2019;2021,2011;2012;2017;2022;2023,2010;2016,,,70-72
Volleyball,Atholton,atholton,1988;1989;2016,1994;1996,1990;2017,,,70-72
Volleyball,Bel Air,bel-air,,2018,1988;1989;1999;2012;2013;2019;2021,,,70-72
Volleyball,James M. Bennett,james-m-bennett,,1983,1986;2002;2003,,,70-72
Volleyball,Montgomery Blair,montgomery-blair,,1999,,,,70-72
Volleyball,Boonsboro,boonsboro,1984;2024,2007,1983;1985,,,70-72
Volleyball,Bowie,bowie,,1997,1981;1982;1983;1985;1994;1995;1996;1998;1999;2000;2002;2003;2004;2009;2011;2014;2015;2016;2022,,,70-72
Volleyball,Broadneck,broadneck,2001;2002;2004;2007;2008;2009,2000;2003;2019,2005;2006,,,70-72
Volleyball,Calvert,calvert,1998;2003,2012;2023,1987;2011;2016,,,70-72
Volleyball,Carver A&t,carver-a-and-t,,2013,,,,70-72
Volleyball,Catonsville,catonsville,1979;1980;1981;1982;1983;1986;1987,1985;1995,1988;1990;1991;1992;2006,,,70-72
Volleyball,Catoctin,catoctin,,2009;2010,,,,70-72
Volleyball,Centennial,centennial,1989;1991;1992;1993;1994;1996;1997;1998;1999;2000;2004;2005;2006;2008;2023,2010;2012;2024,1981;2003,,,70-72
Volleyball,Century,century,2011;2019,1979;1982;1983;1984;2021,1978;1980;1981;1983;1986,,,70-72
Volleyball,Clear Spring,clear-spring,1993;1994;2018;2022;2023,1992;2024,,,,70-72
Volleyball,Damascus,damascus,2013,1978;2006;2015,2008;2009,,,70-72
Volleyball,Frederick Douglass,frederick-douglass,,1977;1980,1990;1993;2017,,,70-72
Volleyball,Dulaney,dulaney,1999;2000;2013,2005;2015,1976;1979;1983;1984;1996;1998;2001;2002;2007;2019,,,70-72
Volleyball,Duval,duval,1980,,,,,70-72
Volleyball,Eastern Technical,eastern-technical,,1984,2008;2009;2010;2021;2024,,,70-72
Volleyball,Albert Einstein,albert-einstein,1984,1980;1982,1977;1978,,,70-72
Volleyball,Elkton,elkton,,1979;2004,1978,,,70-72
Volleyball,Fallston,fallston,2010,2011,1995;2000,,,70-72
Volleyball,Fort Hill,fort-hill,2013,,2013;2015,,,70-72
Volleyball,Friendly,friendly,,1977,1984,,,70-72
Volleyball,Gaithersburg,gaithersburg,2005,,2000;2001;2002,,,70-72
Volleyball,Glen Burnie,glen-burnie,1990,1988,,,,70-72
Volleyball,Glenelg,glenelg,1993;1995;2002;2005;2021,1997;2001;2003;2008;2014;2018,1992;2007;2013,,,70-72
Volleyball,Great Mills,great-mills,1982;1983,1988;1989,1976;1977;1979,,,70-72
Volleyball,Hereford,hereford,1975;1979,1976;1981,1980;1998;1999;2004;2013;2014;2015;2016;2017;2018;2021,,,70-72
Volleyball,High Point,high-point,1979,1978,2005;2013,,,70-72
Volleyball,Howard,howard,1980,,1979;2024,,,70-72
Volleyball,Huntingtown,huntingtown,,2005;2006;2007,2004;2014;2018,,,70-72
Volleyball,Governor Thomas Johnson,governor-thomas-johnson,,1995;1996;1998;2008;2010,1999;2000;2003,,,70-72
Volleyball,Walter Johnson,walter-johnson,,1982;1992,1976;1980;1981;1983;2012,,,70-72
Volleyball,Francis Scott Key,francis-scott-key,1977;1978;1980;1986;1996;2009,1979;1987;1995;1999;2000,1982;1988;1990;1993;1994,,,70-72
Volleyball,Lansdowne,lansdowne,,1981,1993,,,70-72
Volleyball,La Plata,la-plata,,2013;2017,2010;2011;2012,,,70-72
Volleyball,Leonardtown,leonardtown,,2021;2023,1986,,,70-72
Volleyball,Liberty,liberty,2003;2004;2008,1991;2005,1985;1997;2001;2002;2006;2015,,,70-72
Volleyball,Loch Raven,loch-raven,1987;1988;1994,,1993;1997;2001;2002;2003;2004;2005;2006;2011;2012,,,70-72
Volleyball,Col. Zadok Magruder,col-zadok-magruder,2019,2004;2009,2008;2022,,,70-72
Volleyball,Marriotts Ridge,marriotts-ridge,,2010,2009;2014,,,70-72
Volleyball,Maurice J. McDonough,maurice-j-mcdonough,,1983;2015,,,,70-72
Volleyball,Meade,meade,1977,,1980,,,70-72
Volleyball,Middletown,middletown,,2022,,,,70-72
Volleyball,Milford Mill Academy,milford-mill-academy,1978,,,,,70-72
Volleyball,Richard Montgomery,richard-montgomery,2023;2024,,1992;2011,,,70-72
Volleyball,Mount Hebron,mount-hebron,1990;1991;1992,1982;2002,1986;1989,,,70-72
Volleyball,Mount Savage,mount-savage,1979;1982;1983,1975;1977;1978;1981;1986,1976;1980;1981,,,70-72
Volleyball,Mountain Ridge,mountain-ridge,,2021,,,,70-72
Volleyball,North Caroline,north-caroline,1990,1985;1989;1992;1993;2009,1982;1984;1987;1988;1991;1994;1995;1996;1999;2000;2005,,,70-72
Volleyball,North Carroll,north-carroll,1985,,1977;1978;1987;1988;1990;2005,,,70-72
Volleyball,North Dorchester,north-dorchester,1976;1977;1978;1986;1996;2006,1987;1989;1990,1975;1979;1984;1998;2005;2024,,,70-72
Volleyball,North Hagerstown,north-hagerstown,1985;1990;1994;1995;1996;1997;1999;2000;2001;2009;2011;2012;2014;2015;2017;2022;2023;2024,1988;1991;1992;1993;1997;1998;2019;2022,1983;1986;1994;1996;2008;2016;2023;2024,,,70-72
Volleyball,Northwest,northwest,2015;2016;2017,2014,,,,70-72
Volleyball,Oakdale,oakdale,2014;2017,2019,,,,70-72
Volleyball,Owings Mills,owings-mills,,1984,1991;1992;2003,,,70-72
Volleyball,Patterson Mill,patterson-mill,,2019,2009;2022;2023,,,70-72
Volleyball,Patuxent,patuxent,2002;2013,2015,,,,70-72
Volleyball,Perry Hall,perry-hall,,2002;2012,1992;1995;1997,,,70-72
Volleyball,Perryville,perryville,,2011;2012;2014;2016;2017,1992;1999;2002;2003;2013;2015;2018,,,70-72
Volleyball,Poolesville,poolesville,2008,2002;2003;2005,2023,,,70-72
Volleyball,Quince Orchard,quince-orchard,2003,1993;1994,1991,,,70-72
Volleyball,Reservoir,reservoir,2007;2021,2006,2004;2023,,,70-72
Volleyball,Rising Sun,rising-sun,2006;2007;2015,2000;2004;2008;2014;2016,1995;1997;1998;2001;2005;2013;2017;2018;2019,,,70-72
Volleyball,River Hill,river-hill,,1999;2009;2011,2000;2007;2008,,,70-72
Volleyball,Rockville,rockville,1984,1990,1991;1992,,,70-72
Volleyball,Eleanor Roosevelt,eleanor-roosevelt,,1986;2001,1987;1988;1989;2007;2008;2012;2016;2017,,,70-72
Volleyball,Seneca Valley,seneca-valley,,1991;2004,1990;2003,,,70-72
Volleyball,Severna Park,severna-park,1976;1978;1991;1992;1993;2014,1979;1985;1987;1989;1998;2001;2013,1986;1997;1999,,,70-72
Volleyball,Sherwood,sherwood,2006;2010;2011,1995;2016,2014;2017;2021,,,70-72
Volleyball,Smithsburg,smithsburg,1981;1989;1998;2000;2001;2009;2010;2011;2012;2014;2015;2016;2017;2019,1980;2023,1977;1979,,,70-72
Volleyball,Snow Hill,snow-hill,,1988;1991,,,,70-72
Volleyball,South Carroll,south-carroll,2007,1986;1994;2022,2008;2021,,,70-72
Volleyball,South River,south-river,,1981;2006,1983;1984;1985;1993;1997;1998;2018,,,70-72
Volleyball,Springbrook,springbrook,1981,1976;1980,1989;1990,,,70-72
Volleyball,Thomas Stone,thomas-stone,,1987;1997,1994;1995,,,70-72
Volleyball,Surrattsville,surrattsville,,1978,1979;1981;1985;2009;2010;2011,,,70-72
Volleyball,Towson,towson,2001;2010,1977;2002;2003,1980;2000;2004;2005;2007;2009;2011;2015;2016;2017,,,70-72
Volleyball,Urbana,urbana,2022,2018,2009;2023,,,70-72
Volleyball,Watkins Mill,watkins-mill,1997,1996,1993;1994;2001,,,70-72
Volleyball,Western Stes,western-stes,,2018,2011;2017;2019,,,70-72
Volleyball,Westminster,westminster,,2017,2014;2018;2019,,,70-72
Volleyball,Walt Whitman,walt-whitman,1998,1993,1987,,,70-72
Volleyball,Wicomico,wicomico,,1985,,,,70-72
Volleyball,Williamsport,williamsport,1981;1985;1987;1988;1991;1992;1995;1999;2002;2003;2004;2005;2012;2016;2018;2021;2024,1983;1986;1990;1994;1996;2001,1978;1993;2023,,,70-72
Volleyball,Thomas S. Wootton,thomas-s-wootton,1983;1984;1985;1986;1987;1988;1989,2007;2024,1979;1982;2013,,,70-72
