sport,school,champion_years,finalist_years,semifinalist_years,runner_up_years,quarterfinal_years,closed,source_pdf,source_pages,extracted_at,extraction_model
Baseball,ABERDEEN,1978,,2016,,,,pdfs/Spring record book 2025.pdf,8; 9,2026-08-24T17:37:40Z,regex
Baseball,ALLEGANY,1989; 1990; 2025,2013,2022,,,,pdfs/Spring record book 2025.pdf,8; 9,2026-08-24T17:37:40Z,regex
Baseball,ANNAPOLIS,1988,,,,,,pdfs/Spring record book 2025.pdf,8; 9,2026-08-24T17:37:40Z,regex
Baseball,ARUNDEL,1976; 1977; 1981; 1987; 1991; 1993; 1995; 1998; 2001; 2006,1979; 1994; 1996; 2005,1992,,,,pdfs/Spring record book 2025.pdf,8; 9,2026-08-24T17:37:40Z,regex
Baseball,ATHOLTON,2002,1994; 1996; 2021,1986; 2006; 2010,,,,pdfs/Spring record book 2025.pdf,8; 9,2026-08-24T17:37:40Z,regex
Baseball,BALT. POLYTECHNIC INSTITUTE,,,2024,,,,pdfs/Spring record book 2025.pdf,8; 9,2026-08-24T17:37:40Z,regex
Baseball,BEALL,1989; 2005,,,,,,pdfs/Spring record book 2025.pdf,8; 9,2026-08-24T17:37:40Z,regex
Baseball,BEL AIR,1996; 2013; 2016,,1979; 2005,,,,pdfs/Spring record book 2025.pdf,8; 9,2026-08-24T17:37:40Z,regex
Baseball,JAMES M. BENNETT,2006; 2011; 2012; 2019,1975; 1985; 2004,1976; 1977; 1980; 1984; 1986; 1992; 2003,,,,pdfs/Spring record book 2025.pdf,8; 9,2026-08-24T17:37:40Z,regex
Baseball,BETHESDA-CHEVY CHASE,,1988; 1989,2018,,,,pdfs/Spring record book 2025.pdf,8; 9,2026-08-24T17:37:40Z,regex
Baseball,JAMES HUBERT BLAKE,,2001,,,,,pdfs/Spring record book 2025.pdf,8; 9,2026-08-24T17:37:40Z,regex
Baseball,BOHEMIA MANOR,2009,1986; 2006,2012; 2013,,,,pdfs/Spring record book 2025.pdf,8; 9,2026-08-24T17:37:40Z,regex
Baseball,BOONSBORO,1985; 2002; 2018,1987; 1988; 2017,1980; 1983; 1986; 1994; 1995; 2006; 2019,,,,pdfs/Spring record book 2025.pdf,8; 9,2026-08-24T17:37:40Z,regex
Baseball,BOWIE,1981; 1982; 1984; 2004,1978,1975; 1977; 1986; 1988; 1994; 1995; 2005; 2009; 2012; 2016,,,,pdfs/Spring record book 2025.pdf,8; 9,2026-08-24T17:37:40Z,regex
Baseball,BROADNECK,1983; 1995,,2025,,,,pdfs/Spring record book 2025.pdf,8; 9,2026-08-24T17:37:40Z,regex
Baseball,BROOKLYN PARK,1980,1981,1978; 1982; 1988,,,,pdfs/Spring record book 2025.pdf,8; 9,2026-08-24T17:37:40Z,regex
Baseball,BRUCE,1975,,1977; 1982; 1984,,,,pdfs/Spring record book 2025.pdf,8; 9,2026-08-24T17:37:40Z,regex
Baseball,BRUNSWICK,1990; 1991; 1992; 1996; 2015; 2016; 2024,1993; 2001,1989; 1997; 2000; 2005,,,,pdfs/Spring record book 2025.pdf,8; 9,2026-08-24T17:37:40Z,regex
Baseball,CALVERT,,,1989; 1998; 1999; 2007,,,,pdfs/Spring record book 2025.pdf,8; 9,2026-08-24T17:37:40Z,regex
Baseball,CAMBRIDGE,,1976,,,,,pdfs/Spring record book 2025.pdf,8; 9,2026-08-24T17:37:40Z,regex
Baseball,CAMBRIDGE/SD,1977; 2004; 2013,,1992; 1996; 1998; 2003,,,,pdfs/Spring record book 2025.pdf,8; 9,2026-08-24T17:37:40Z,regex
Baseball,CATOCTIN,2013; 2021,2002; 2003; 2009,2004; 2006,,,,pdfs/Spring record book 2025.pdf,8; 9,2026-08-24T17:37:40Z,regex
Baseball,CATONSVILLE,1976,2013,1975; 1978; 1990; 2007,,,,pdfs/Spring record book 2025.pdf,8; 9,2026-08-24T17:37:40Z,regex
Baseball,CENTENNIAL,2001; 2004,1993; 1997; 1999; 2007,1980; 1984; 1985; 1994; 2008; 2021,,,,pdfs/Spring record book 2025.pdf,8; 9,2026-08-24T17:37:40Z,regex
Baseball,CENTURY,2018,,2021,,,,pdfs/Spring record book 2025.pdf,8; 9,2026-08-24T17:37:40Z,regex
Baseball,CHESAPEAKE (AA),1997; 2014; 2022,1983; 1987; 2010; 2016; 2017; 2024,1986; 2018; 2025,,,,pdfs/Spring record book 2025.pdf,8; 9,2026-08-24T17:37:40Z,regex
Baseball,CHESAPEAKE (BC),,1985,,,,,pdfs/Spring record book 2025.pdf,8; 9,2026-08-24T17:37:40Z,regex
Baseball,CHES. MATH & IT - NORTH,,,2024,,,,pdfs/Spring record book 2025.pdf,8; 9,2026-08-24T17:37:40Z,regex
Baseball,CHOPTICON,2015; 2021,2025,,,,,pdfs/Spring record book 2025.pdf,8; 9,2026-08-24T17:37:40Z,regex
Baseball,WINSTON CHURCHILL,1979,1985,1980; 2013; 2022,,,,pdfs/Spring record book 2025.pdf,8; 9,2026-08-24T17:37:40Z,regex
Baseball,CLEAR SPRING,1980; 2022; 2023,1981; 2010,1992; 2008,,,,pdfs/Spring record book 2025.pdf,8; 9,2026-08-24T17:37:40Z,regex
Baseball,CROFTON,,,2024,,,,pdfs/Spring record book 2025.pdf,8; 9,2026-08-24T17:37:40Z,regex
Baseball,CROSSLAND,,,1978,,,,pdfs/Spring record book 2025.pdf,8; 9,2026-08-24T17:37:40Z,regex
Baseball,DAMASCUS,1998; 2000,1978,1988; 2002; 2016,,,,pdfs/Spring record book 2025.pdf,8; 9,2026-08-24T17:37:40Z,regex
Baseball,STEPHEN DECATUR,,,2013; 2023; 2024,,,,pdfs/Spring record book 2025.pdf,8; 9,2026-08-24T17:37:40Z,regex
Baseball,DOUGLASS-B,,,2015,,,,pdfs/Spring record book 2025.pdf,8; 9,2026-08-24T17:37:40Z,regex
Baseball,DULANEY,,2000; 2001,1993; 2021; 2022,,,,pdfs/Spring record book 2025.pdf,8; 9,2026-08-24T17:37:40Z,regex
Baseball,DUNBAR,,,2011; 2012; 2013,,,,pdfs/Spring record book 2025.pdf,8; 9,2026-08-24T17:37:40Z,regex
Baseball,DUNDALK,1983,,1989; 1991; 1994; 2013,,,,pdfs/Spring record book 2025.pdf,8; 9,2026-08-24T17:37:40Z,regex
Baseball,DUVAL,,,1979; 1980,,,,pdfs/Spring record book 2025.pdf,8; 9,2026-08-24T17:37:40Z,regex
Baseball,EASTERN TECHNICAL,2005; 2007,2003; 2006; 2009; 2015,2004; 2010; 2016; 2017,,,,pdfs/Spring record book 2025.pdf,8; 9,2026-08-24T17:37:40Z,regex
Baseball,EASTON,1987; 1994; 1995,1997,1988; 2002,,,,pdfs/Spring record book 2025.pdf,8; 9,2026-08-24T17:37:40Z,regex
Baseball,EDGEWOOD,1981,1989; 1990,1982; 1991,,,,pdfs/Spring record book 2025.pdf,8; 9,2026-08-24T17:37:40Z,regex
Baseball,ELKTON,1994,,1975; 1979; 1983; 1996,,,,pdfs/Spring record book 2025.pdf,8; 9,2026-08-24T17:37:40Z,regex
Baseball,FALLSTON,,2000; 2009; 2017,1993; 2002; 2003; 2019,,,,pdfs/Spring record book 2025.pdf,8; 9,2026-08-24T17:37:40Z,regex
Baseball,CHARLES H. FLOWERS,,,2018,,,,pdfs/Spring record book 2025.pdf,8; 9,2026-08-24T17:37:40Z,regex
Baseball,FORT HILL,,,1987; 1998,,,,pdfs/Spring record book 2025.pdf,8; 9,2026-08-24T17:37:40Z,regex
Baseball,FRANKLIN,1985,1986,1995; 2001; 2006,,,,pdfs/Spring record book 2025.pdf,8; 9,2026-08-24T17:37:40Z,regex
Baseball,FREDERICK,2009,,1985; 1988; 1996; 1999,,,,pdfs/Spring record book 2025.pdf,8; 9,2026-08-24T17:37:40Z,regex
Baseball,GAITHERSBURG,2015,1992; 1993; 1997,1988; 1991; 1998; 2011,,,,pdfs/Spring record book 2025.pdf,8; 9,2026-08-24T17:37:40Z,regex
Baseball,GLEN BURNIE,1999,,1977,,,,pdfs/Spring record book 2025.pdf,8; 9,2026-08-24T17:37:40Z,regex
Baseball,GLENELG,1983; 1993; 1995; 1998; 1999; 2022,1979; 2024,1989; 1996,,,,pdfs/Spring record book 2025.pdf,8; 9,2026-08-24T17:37:40Z,regex
Baseball,GREAT MILLS,1982; 1997,1977; 1987,,,,,pdfs/Spring record book 2025.pdf,8; 9,2026-08-24T17:37:40Z,regex
Baseball,GWYNN PARK,1984,1985,1980; 1983,,,,pdfs/Spring record book 2025.pdf,8; 9,2026-08-24T17:37:40Z,regex
Baseball,HAMMOND,,1991,1993; 2010,,,,pdfs/Spring record book 2025.pdf,8; 9,2026-08-24T17:37:40Z,regex
Baseball,HANCOCK,,1995,,,,,pdfs/Spring record book 2025.pdf,8; 9,2026-08-24T17:37:40Z,regex
Baseball,HARFORD TECHNICAL,,2008,2007; 2010,,,,pdfs/Spring record book 2025.pdf,8; 9,2026-08-24T17:37:40Z,regex
Baseball,HAVRE DE GRACE,1988,,1989; 1991; 1998; 2004,,,,pdfs/Spring record book 2025.pdf,8; 9,2026-08-24T17:37:40Z,regex
Baseball,HEREFORD,,1975,2001; 2014; 2018; 2019,,,,pdfs/Spring record book 2025.pdf,8; 9,2026-08-24T17:37:40Z,regex
Baseball,HIGH POINT,,1990; 2002,1984,,,,pdfs/Spring record book 2025.pdf,8; 9,2026-08-24T17:37:40Z,regex
Baseball,HOWARD,2018,2017,1998,,,,pdfs/Spring record book 2025.pdf,8; 9,2026-08-24T17:37:40Z,regex
Baseball,HUNTINGTOWN,2016; 2025,2006; 2010; 2018,2007; 2017; 2023,,,,pdfs/Spring record book 2025.pdf,8; 9,2026-08-24T17:37:40Z,regex
Baseball,GOV. THOMAS JOHNSON,1983; 1992; 2002; 2018,1994,1979; 2004; 2014; 2019,,,,pdfs/Spring record book 2025.pdf,8; 9,2026-08-24T17:37:40Z,regex
Baseball,WALTER JOHNSON,2025,,,,,,pdfs/Spring record book 2025.pdf,8; 9,2026-08-24T17:37:40Z,regex
Baseball,JOPPATOWNE,1976; 1977,1992,1975,,,,pdfs/Spring record book 2025.pdf,8; 9,2026-08-24T17:37:40Z,regex
Baseball,KENT COUNTY,,,1990; 1999,,,,pdfs/Spring record book 2025.pdf,8; 9,2026-08-24T17:37:40Z,regex
Baseball,KENT ISLAND,2008,,,,,,pdfs/Spring record book 2025.pdf,8; 9,2026-08-24T17:37:40Z,regex
Baseball,KENWOOD,1978,1980,1976,,,,pdfs/Spring record book 2025.pdf,8; 9,2026-08-24T17:37:40Z,regex
Baseball,FRANCIS SCOTT KEY,1984,,1977,,,,pdfs/Spring record book 2025.pdf,8; 9,2026-08-24T17:37:40Z,regex
Baseball,LA PLATA,2008; 2016; 2019; 2021,2002; 2011; 2013; 2018,1975; 1986; 1993; 2000; 2012; 2014; 2017,,,,pdfs/Spring record book 2025.pdf,8; 9,2026-08-24T17:37:40Z,regex
Baseball,HENRY E. LACKEY,,,2000,,,,pdfs/Spring record book 2025.pdf,8; 9,2026-08-24T17:37:40Z,regex
Baseball,LANSDOWNE,1993,1992; 1998; 2011,,,,,pdfs/Spring record book 2025.pdf,8; 9,2026-08-24T17:37:40Z,regex
Baseball,LAUREL,,,1987; 1989; 2021; 2023,,,,pdfs/Spring record book 2025.pdf,8; 9,2026-08-24T17:37:40Z,regex
Baseball,LEONARDTOWN,1987; 2024,1999,1998; 2004; 2016,,,,pdfs/Spring record book 2025.pdf,8; 9,2026-08-24T17:37:40Z,regex
Baseball,LIBERTY,1997; 2004,,1985; 2001; 2006; 2022,,,,pdfs/Spring record book 2025.pdf,8; 9,2026-08-24T17:37:40Z,regex
Baseball,LINGANORE,,,1990; 2009; 2021,,,,pdfs/Spring record book 2025.pdf,8; 9,2026-08-24T17:37:40Z,regex
Baseball,LOCH RAVEN,,,1980; 1997; 2008; 2012,,,,pdfs/Spring record book 2025.pdf,8; 9,2026-08-24T17:37:40Z,regex
Baseball,COL. ZADOK MAGRUDER,2024,,1977,,,,pdfs/Spring record book 2025.pdf,8; 9,2026-08-24T17:37:40Z,regex
Baseball,MARITIME ACADEMY,,,2014,,,,pdfs/Spring record book 2025.pdf,8; 9,2026-08-24T17:37:40Z,regex
Baseball,MARRIOTTS RIDGE,,2008; 2015; 2019,2018; 2021,,,,pdfs/Spring record book 2025.pdf,8; 9,2026-08-24T17:37:40Z,regex
Baseball,MERGENTHALER,,,1997,,,,pdfs/Spring record book 2025.pdf,8; 9,2026-08-24T17:37:40Z,regex
Baseball,MIDDLETOWN,2017; 2024,1982; 2007; 2019,,,,,pdfs/Spring record book 2025.pdf,8; 9,2026-08-24T17:37:40Z,regex
Baseball,MILFORD MILL,1984,,1982; 1983,,,,pdfs/Spring record book 2025.pdf,8; 9,2026-08-24T17:37:40Z,regex
Baseball,RICHARD MONTGOMERY,,,1983,,,,pdfs/Spring record book 2025.pdf,8; 9,2026-08-24T17:37:40Z,regex
Baseball,MOUNT HEBRON,,1980; 2015,,,,,pdfs/Spring record book 2025.pdf,8; 9,2026-08-24T17:37:40Z,regex
Baseball,MOUNT SAVAGE,1979; 1986; 1993,1994,1985,,,,pdfs/Spring record book 2025.pdf,8; 9,2026-08-24T17:37:40Z,regex
Baseball,MOUNTAIN RIDGE,2012,,,,,,pdfs/Spring record book 2025.pdf,8; 9,2026-08-24T17:37:40Z,regex
Baseball,NEW TOWN,,,2009,,,,pdfs/Spring record book 2025.pdf,8; 9,2026-08-24T17:37:40Z,regex
Baseball,NORTH CAROLINE,1998; 2011,2005; 2013,1990; 1991,,,,pdfs/Spring record book 2025.pdf,8; 9,2026-08-24T17:37:40Z,regex
Baseball,NORTH CARROLL,,,2006,,,,pdfs/Spring record book 2025.pdf,8; 9,2026-08-24T17:37:40Z,regex
Baseball,NORTH EAST (Cecil),1981; 1985; 1987; 1988,1977; 1978; 1986,1996; 2018; 2022,,,,pdfs/Spring record book 2025.pdf,8; 9,2026-08-24T17:37:40Z,regex
Baseball,NORTH HAGERSTOWN,1986; 1989; 2010,1984; 2005,1994; 2012; 2013,,,,pdfs/Spring record book 2025.pdf,8; 9,2026-08-24T17:37:40Z,regex
Baseball,NORTH HARFORD,,2012; 2014,1999; 2000; 2005; 2011; 2015; 2021; 2025,,,,pdfs/Spring record book 2025.pdf,8; 9,2026-08-24T17:37:40Z,regex
Baseball,NORTHEAST (AA),1975; 1991; 1992; 2001,1980; 1996,1988; 1990,,,,pdfs/Spring record book 2025.pdf,8; 9,2026-08-24T17:37:40Z,regex
Baseball,NORTHERN (Cal.),,1989; 1990,1976; 1978; 1992; 2009,,,,pdfs/Spring record book 2025.pdf,8; 9,2026-08-24T17:37:40Z,regex
Baseball,NORTHERN-GARRETT,,2007,2021; 2023,,,,pdfs/Spring record book 2025.pdf,8; 9,2026-08-24T17:37:40Z,regex
Baseball,NORTHWEST,2012; 2017,,,,,,pdfs/Spring record book 2025.pdf,8; 9,2026-08-24T17:37:40Z,regex
Baseball,NORTHWOOD,1975,,1981; 1985,,,,pdfs/Spring record book 2025.pdf,8; 9,2026-08-24T17:37:40Z,regex
Baseball,OAKDALE,,,2025,,,,pdfs/Spring record book 2025.pdf,8; 9,2026-08-24T17:37:40Z,regex
Baseball,OAKLAND MILLS,,,1987,,,,pdfs/Spring record book 2025.pdf,8; 9,2026-08-24T17:37:40Z,regex
Baseball,OLD MILL,1980; 1989; 2003; 2019,1984,1978; 1985; 1990; 2000,,,,pdfs/Spring record book 2025.pdf,8; 9,2026-08-24T17:37:40Z,regex
Baseball,OVERLEA,,1981,1982; 1987; 1995; 2002,,,,pdfs/Spring record book 2025.pdf,8; 9,2026-08-24T17:37:40Z,regex
Baseball,OXON HILL,1977,1987,1975; 1991,,,,pdfs/Spring record book 2025.pdf,8; 9,2026-08-24T17:37:40Z,regex
Baseball,PAINT BRANCH,1976; 1979; 1990; 1991,1982,1977; 1988,,,,pdfs/Spring record book 2025.pdf,8; 9,2026-08-24T17:37:40Z,regex
Baseball,PARKDALE,,,1985; 1997,,,,pdfs/Spring record book 2025.pdf,8; 9,2026-08-24T17:37:40Z,regex
Baseball,PARKSIDE,2023,2010; 2014; 2025,1994; 2007; 2009,,,,pdfs/Spring record book 2025.pdf,8; 9,2026-08-24T17:37:40Z,regex
Baseball,PARKVILLE,,1979,1975; 1982; 1984; 1997,,,,pdfs/Spring record book 2025.pdf,8; 9,2026-08-24T17:37:40Z,regex
Baseball,PATAPSCO,,2008,1992,,,,pdfs/Spring record book 2025.pdf,8; 9,2026-08-24T17:37:40Z,regex
Baseball,PATTERSON,,1998,,,,,pdfs/Spring record book 2025.pdf,8; 9,2026-08-24T17:37:40Z,regex
Baseball,PATTERSON MILL,,2011; 2016; 2024,2012; 2015; 2017,,,,pdfs/Spring record book 2025.pdf,8; 9,2026-08-24T17:37:40Z,regex
Baseball,PATUXENT,,2003; 2012; 2022; 2023,2013; 2024,,,,pdfs/Spring record book 2025.pdf,8; 9,2026-08-24T17:37:40Z,regex
Baseball,ROBERT E. PEARY,,1977,,,,,pdfs/Spring record book 2025.pdf,8; 9,2026-08-24T17:37:40Z,regex
Baseball,PERRY HALL,1990; 1992; 1994,1991; 1995; 1999; 2003,1996; 2015,,,,pdfs/Spring record book 2025.pdf,8; 9,2026-08-24T17:37:40Z,regex
Baseball,PERRYVILLE,,1979,,,,,pdfs/Spring record book 2025.pdf,8; 9,2026-08-24T17:37:40Z,regex
Baseball,PIKESVILLE,1986,,2016; 2017; 2023; 2025,,,,pdfs/Spring record book 2025.pdf,8; 9,2026-08-24T17:37:40Z,regex
Baseball,POCOMOKE,,1976,1977,,,,pdfs/Spring record book 2025.pdf,8; 9,2026-08-24T17:37:40Z,regex
Baseball,POOLESVILLE,2017,,2014,,,,pdfs/Spring record book 2025.pdf,8; 9,2026-08-24T17:37:40Z,regex
Baseball,POTOMAC,,1976,,,,,pdfs/Spring record book 2025.pdf,8; 9,2026-08-24T17:37:40Z,regex
Baseball,QUEEN ANNE'S,1978,,2016,,,,pdfs/Spring record book 2025.pdf,8; 9,2026-08-24T17:37:40Z,regex
Baseball,QUINCE ORCHARD,2005,2009; 2016,2003; 2006; 2007; 2010,,,,pdfs/Spring record book 2025.pdf,8; 9,2026-08-24T17:37:40Z,regex
Baseball,RANDALLSTOWN,1985,,1989; 2019,,,,pdfs/Spring record book 2025.pdf,8; 9,2026-08-24T17:37:40Z,regex
Baseball,RESERVOIR,2014,,2022; 2025,,,,pdfs/Spring record book 2025.pdf,8; 9,2026-08-24T17:37:40Z,regex
Baseball,COLONEL RICHARDSON,2007; 2019,2022; 2023,1975; 1993; 2002; 2015,,,,pdfs/Spring record book 2025.pdf,8; 9,2026-08-24T17:37:40Z,regex
Baseball,RISING SUN,1997; 2000,,1976; 1994; 1995; 1999; 2001; 2002,,,,pdfs/Spring record book 2025.pdf,8; 9,2026-08-24T17:37:40Z,regex
Baseball,RIVER HILL,2009; 2023,,2000,,,,pdfs/Spring record book 2025.pdf,8; 9,2026-08-24T17:37:40Z,regex
Baseball,ROCKVILLE,,1993,1981; 1986,,,,pdfs/Spring record book 2025.pdf,8; 9,2026-08-24T17:37:40Z,regex
Baseball,ELEANOR ROOSEVELT,2007,,1983; 1989; 1996; 1998; 1999; 2000; 2001; 2003; 2006; 2008; 2010; 2013; 2014; 2017; 2019,,,,pdfs/Spring record book 2025.pdf,8; 9,2026-08-24T17:37:40Z,regex
Baseball,ST. MICHAELS,2001; 2008; 2010; 2011,2000; 2012; 2018; 2021,2009; 2016,,,,pdfs/Spring record book 2025.pdf,8; 9,2026-08-24T17:37:40Z,regex
Baseball,SENECA VALLEY,,,2008,,,,pdfs/Spring record book 2025.pdf,8; 9,2026-08-24T17:37:40Z,regex
Baseball,SEVERNA PARK,2003; 2005; 2009,2011; 2015; 2018; 2021,2002; 2017; 2023,,,,pdfs/Spring record book 2025.pdf,8; 9,2026-08-24T17:37:40Z,regex
Baseball,SHERWOOD,2008; 2010; 2021; 2022; 2023; 2025,2004; 2007; 2014; 2019,2012,,,,pdfs/Spring record book 2025.pdf,8; 9,2026-08-24T17:37:40Z,regex
Baseball,SMITHSBURG,2014,1990,2025,,,,pdfs/Spring record book 2025.pdf,8; 9,2026-08-24T17:37:40Z,regex
Baseball,SNOW HILL,2006,,2022,,,,pdfs/Spring record book 2025.pdf,8; 9,2026-08-24T17:37:40Z,regex
Baseball,SOUTH CARROLL,1999; 2002,1981; 1995,1991; 2003; 2015,,,,pdfs/Spring record book 2025.pdf,8; 9,2026-08-24T17:37:40Z,regex
Baseball,SOUTH HAGERSTOWN,1996; 2003,1995,1981; 2008,,,,pdfs/Spring record book 2025.pdf,8; 9,2026-08-24T17:37:40Z,regex
Baseball,SOUTH RIVER,2013,1983,2008,,,,pdfs/Spring record book 2025.pdf,8; 9,2026-08-24T17:37:40Z,regex
Baseball,SOUTHERN (AA),2014; 2015,1977; 2002,1995; 1997; 2003; 2004,,,,pdfs/Spring record book 2025.pdf,8; 9,2026-08-24T17:37:40Z,regex
Baseball,SOUTHERN (G),,1996; 1998,1986; 2000; 2001,,,,pdfs/Spring record book 2025.pdf,8; 9,2026-08-24T17:37:40Z,regex
Baseball,SPARROWS POINT,1979,1980; 1984; 2014; 2021,1976; 1985; 1987; 2008; 2018; 2023,,,,pdfs/Spring record book 2025.pdf,8; 9,2026-08-24T17:37:40Z,regex
Baseball,SPRINGBROOK,,1982,1981; 1983; 1990,,,,pdfs/Spring record book 2025.pdf,8; 9,2026-08-24T17:37:40Z,regex
Baseball,THOMAS STONE,1982; 1988; 1994,1978; 1986; 1991,1992; 1993; 1995; 1997; 2004; 2007,,,,pdfs/Spring record book 2025.pdf,8; 9,2026-08-24T17:37:40Z,regex
Baseball,SURRATTSVILLE,,,1979; 2010,,,,pdfs/Spring record book 2025.pdf,8; 9,2026-08-24T17:37:40Z,regex
Baseball,TOWSON,2000,2022,1990; 2009; 2018,,,,pdfs/Spring record book 2025.pdf,8; 9,2026-08-24T17:37:40Z,regex
Baseball,URBANA,,2023; 2025,2004; 2010; 2015; 2024,,,,pdfs/Spring record book 2025.pdf,8; 9,2026-08-24T17:37:40Z,regex
Baseball,VALLEY,,,1987,,,,pdfs/Spring record book 2025.pdf,8; 9,2026-08-24T17:37:40Z,regex
Baseball,WALKERSVILLE,1978; 1999; 2003,1983; 1988; 1992; 1997,2009,,,,pdfs/Spring record book 2025.pdf,8; 9,2026-08-24T17:37:40Z,regex
Baseball,WASHINGTON,1982,1975; 1989,1980; 1983,,,,pdfs/Spring record book 2025.pdf,8; 9,2026-08-24T17:37:40Z,regex
Baseball,WATKINS MILL,2000,,1992; 1993; 1994,,,,pdfs/Spring record book 2025.pdf,8; 9,2026-08-24T17:37:40Z,regex
Baseball,WESTLAKE,,2001,1996,,,,pdfs/Spring record book 2025.pdf,8; 9,2026-08-24T17:37:40Z,regex
Baseball,WESTMINSTER,2007; 2011,,1981; 1982; 1995; 2005,,,,pdfs/Spring record book 2025.pdf,8; 9,2026-08-24T17:37:40Z,regex
Baseball,WHEATON,,1975,1976; 1984; 1987,,,,pdfs/Spring record book 2025.pdf,8; 9,2026-08-24T17:37:40Z,regex
Baseball,WALT WHITMAN,,2024,2019,,,,pdfs/Spring record book 2025.pdf,8; 9,2026-08-24T17:37:40Z,regex
Baseball,WICOMICO,,1982,1981; 1984; 1993; 1999,,,,pdfs/Spring record book 2025.pdf,8; 9,2026-08-24T17:37:40Z,regex
Baseball,WILDE LAKE,,2005,,,,,pdfs/Spring record book 2025.pdf,8; 9,2026-08-24T17:37:40Z,regex
Baseball,WILLIAMSPORT,1975; 2012,1983; 1984; 1991; 1999; 2004; 2016,2011; 2015,,,,pdfs/Spring record book 2025.pdf,8; 9,2026-08-24T17:37:40Z,regex
Baseball,WOODLAWN,1986,,1984,,,,pdfs/Spring record book 2025.pdf,8; 9,2026-08-24T17:37:40Z,regex
Baseball,CHARLES W. WOODWARD,1980,,1978,,,,pdfs/Spring record book 2025.pdf,8; 9,2026-08-24T17:37:40Z,regex
Baseball,THOMAS S. WOOTTON,1996,1976,2001,,,,pdfs/Spring record book 2025.pdf,8; 9,2026-08-24T17:37:40Z,regex
Baseball,C. MILTON WRIGHT,2010,1988; 1998; 2004; 2006; 2008; 2019; 2023,,,,,pdfs/Spring record book 2025.pdf,8; 9,2026-08-24T17:37:40Z,regex
Girls Lacrosse,ANNAPOLIS,1996; 1998; 1999,2002; 2003,1994; 1995; 2008; 2009,,,,pdfs/Spring record book 2025.pdf,14; 15,2026-08-24T17:37:40Z,regex
Girls Lacrosse,ARUNDEL,,2021,,,,,pdfs/Spring record book 2025.pdf,14; 15,2026-08-24T17:37:40Z,regex
Girls Lacrosse,BEL AIR,2017,2015,2018,,2024; 2025,,pdfs/Spring record book 2025.pdf,14; 15,2026-08-24T17:37:40Z,regex
Girls Lacrosse,BETHESDA-CC,,2022,2003,,,,pdfs/Spring record book 2025.pdf,14; 15,2026-08-24T17:37:40Z,regex
Girls Lacrosse,MONTGOMERY BLAIR,,,2017,,2024; 2025,,pdfs/Spring record book 2025.pdf,14; 15,2026-08-24T17:37:40Z,regex
Girls Lacrosse,JAMES HUBERT BLAKE,,,2006; 2007,,,,pdfs/Spring record book 2025.pdf,14; 15,2026-08-24T17:37:40Z,regex
Girls Lacrosse,BOONSBORO,,2018,2019; 2022,,,,pdfs/Spring record book 2025.pdf,14; 15,2026-08-24T17:37:40Z,regex
Girls Lacrosse,BROADNECK,2002; 2003; 2013; 2021; 2022; 2023; 2024; 2025,1990; 2005,,,,,pdfs/Spring record book 2025.pdf,14; 15,2026-08-24T17:37:40Z,regex
Girls Lacrosse,CALVERT,,,2004,,2023; 2024; 2025,,pdfs/Spring record book 2025.pdf,14; 15,2026-08-24T17:37:40Z,regex
Girls Lacrosse,CARVER CENTER FOR A&T,,,,,2023,,pdfs/Spring record book 2025.pdf,14; 15,2026-08-24T17:37:40Z,regex
Girls Lacrosse,CATOCTIN,,,,,2021,,pdfs/Spring record book 2025.pdf,14; 15,2026-08-24T17:37:40Z,regex
Girls Lacrosse,CATONSVILLE,1996,2004; 2008; 2014,1992; 2001; 2002; 2005; 2012; 2013,,1990; 1991; 2022; 2023,,pdfs/Spring record book 2025.pdf,14; 15,2026-08-24T17:37:40Z,regex
Girls Lacrosse,CENTENNIAL,,,1990; 2008,,,,pdfs/Spring record book 2025.pdf,14; 15,2026-08-24T17:37:40Z,regex
Girls Lacrosse,CENTURY,2004; 2006; 2007; 2009; 2010; 2012; 2015; 2017; 2022,2003; 2005; 2011; 2013,2018; 2021,,,,pdfs/Spring record book 2025.pdf,14; 15,2026-08-24T17:37:40Z,regex
Girls Lacrosse,CHESAPEAKE (AA),,1991,,,2021; 2024; 2025,,pdfs/Spring record book 2025.pdf,14; 15,2026-08-24T17:37:40Z,regex
Girls Lacrosse,CHES. MATH & IT-NORTH,,,,,2022; 2023; 2024; 2025,,pdfs/Spring record book 2025.pdf,14; 15,2026-08-24T17:37:40Z,regex
Girls Lacrosse,CHOPTICON,,,2005,,,,pdfs/Spring record book 2025.pdf,14; 15,2026-08-24T17:37:40Z,regex
Girls Lacrosse,WINSTON CHURCHILL,,,2010; 2011; 2012; 2016,,,,pdfs/Spring record book 2025.pdf,14; 15,2026-08-24T17:37:40Z,regex
Girls Lacrosse,DAMASCUS,,,,,2022; 2023,,pdfs/Spring record book 2025.pdf,14; 15,2026-08-24T17:37:40Z,regex
Girls Lacrosse,STEPHEN DECATUR,,2006; 2015,2010; 2011; 2014; 2016; 2017; 2019; 2024,,2023; 2025,,pdfs/Spring record book 2025.pdf,14; 15,2026-08-24T17:37:40Z,regex
Girls Lacrosse,DULANEY,2005; 2006; 2016,1994; 2001; 2002; 2007; 2018; 2019; 2023; 2024,1991; 1992; 1995; 1997; 1999; 2000; 2003; 2009,,1990; 2022,,pdfs/Spring record book 2025.pdf,14; 15,2026-08-24T17:37:40Z,regex
Girls Lacrosse,EASTERN TECHNICAL,,,,,2022; 2023,,pdfs/Spring record book 2025.pdf,14; 15,2026-08-24T17:37:40Z,regex
Girls Lacrosse,EASTON,,2013,2003; 2005; 2006,,2021,,pdfs/Spring record book 2025.pdf,14; 15,2026-08-24T17:37:40Z,regex
Girls Lacrosse,EDGEWOOD,,,1999,,,,pdfs/Spring record book 2025.pdf,14; 15,2026-08-24T17:37:40Z,regex
Girls Lacrosse,ELKTON,,,2021,,,,pdfs/Spring record book 2025.pdf,14; 15,2026-08-24T17:37:40Z,regex
Girls Lacrosse,FALLSTON,2009; 2012; 2024,1991; 2014; 2016; 2017; 2021; 2022; 2023,1992; 1993; 1994; 1995; 2011; 2013; 2025,,1990,,pdfs/Spring record book 2025.pdf,14; 15,2026-08-24T17:37:40Z,regex
Girls Lacrosse,CHARLES H. FLOWERS,,,,,2021,,pdfs/Spring record book 2025.pdf,14; 15,2026-08-24T17:37:40Z,regex
Girls Lacrosse,FRANKLIN,,,2003,,,,pdfs/Spring record book 2025.pdf,14; 15,2026-08-24T17:37:40Z,regex
Girls Lacrosse,GLENELG,2005; 2008; 2016; 2017; 2018; 2024,2000; 2025,2001; 2002; 2003; 2004,,1990,,pdfs/Spring record book 2025.pdf,14; 15,2026-08-24T17:37:40Z,regex
Girls Lacrosse,HAMMOND,,,1997,,,,pdfs/Spring record book 2025.pdf,14; 15,2026-08-24T17:37:40Z,regex
Girls Lacrosse,HAVRE DE GRACE,,,2007,,,,pdfs/Spring record book 2025.pdf,14; 15,2026-08-24T17:37:40Z,regex
Girls Lacrosse,HEREFORD,2001; 2002; 2003,2018; 2019; 2022,2000; 2014; 2015; 2021,,1990; 1991; 2024; 2025,,pdfs/Spring record book 2025.pdf,14; 15,2026-08-24T17:37:40Z,regex
Girls Lacrosse,HOWARD,,,2013; 2015; 2016,,,,pdfs/Spring record book 2025.pdf,14; 15,2026-08-24T17:37:40Z,regex
Girls Lacrosse,HUNTINGTOWN,,,2018; 2019; 2021; 2022,,2024; 2025,,pdfs/Spring record book 2025.pdf,14; 15,2026-08-24T17:37:40Z,regex
Girls Lacrosse,WALTER JOHNSON,,,2005; 2009; 2023,,,,pdfs/Spring record book 2025.pdf,14; 15,2026-08-24T17:37:40Z,regex
Girls Lacrosse,JOPPATOWNE,,,1991,,1990,,pdfs/Spring record book 2025.pdf,14; 15,2026-08-24T17:37:40Z,regex
Girls Lacrosse,KENT COUNTY,,,2000,,,,pdfs/Spring record book 2025.pdf,14; 15,2026-08-24T17:37:40Z,regex
Girls Lacrosse,KENT ISLAND,,,2018; 2025,,,,pdfs/Spring record book 2025.pdf,14; 15,2026-08-24T17:37:40Z,regex
Girls Lacrosse,FRANCIS SCOTT KEY,,,2002,,,,pdfs/Spring record book 2025.pdf,14; 15,2026-08-24T17:37:40Z,regex
Girls Lacrosse,LANSDOWNE,,,,,1990; 2021,,pdfs/Spring record book 2025.pdf,14; 15,2026-08-24T17:37:40Z,regex
Girls Lacrosse,LA PLATA,,,,,2021,,pdfs/Spring record book 2025.pdf,14; 15,2026-08-24T17:37:40Z,regex
Girls Lacrosse,LEONARDTOWN,,2016,,,,,pdfs/Spring record book 2025.pdf,14; 15,2026-08-24T17:37:40Z,regex
Girls Lacrosse,LIBERTY,2021; 2022; 2023,1994; 1995; 1999; 2000,1998; 2017,,1991,,pdfs/Spring record book 2025.pdf,14; 15,2026-08-24T17:37:40Z,regex
Girls Lacrosse,LINGANORE,,,2022; 2023,,2024; 2025,,pdfs/Spring record book 2025.pdf,14; 15,2026-08-24T17:37:40Z,regex
Girls Lacrosse,LOCH RAVEN,1990; 1991; 1994; 1995,1992; 1993; 1997; 2008; 2010; 2011; 2019,1996; 2004; 2009; 2012; 2013; 2014; 2015; 2018,,2022; 2024,,pdfs/Spring record book 2025.pdf,14; 15,2026-08-24T17:37:40Z,regex
Girls Lacrosse,MANCHESTER VALLEY,2014; 2015; 2016; 2023,,2024,,,,pdfs/Spring record book 2025.pdf,14; 15,2026-08-24T17:37:40Z,regex
Girls Lacrosse,MARRIOTTS RIDGE,2011; 2013; 2014; 2021; 2022; 2025,,2018; 2019,,,,pdfs/Spring record book 2025.pdf,14; 15,2026-08-24T17:37:40Z,regex
Girls Lacrosse,MIDDLETOWN,,2021; 2023; 2025,2015; 2022; 2024,,,,pdfs/Spring record book 2025.pdf,14; 15,2026-08-24T17:37:40Z,regex
Girls Lacrosse,RICHARD MONTGOMERY,,,,,2024; 2025,,pdfs/Spring record book 2025.pdf,14; 15,2026-08-24T17:37:40Z,regex
Girls Lacrosse,MOUNT HEBRON,1992; 1993; 1994; 1995; 1997; 1998; 1999; 2000; 2001; 2002; 2003; 2004; 2005; 2006; 2007,1996; 2009; 2018,1990; 1991; 2012,,,,pdfs/Spring record book 2025.pdf,14; 15,2026-08-24T17:37:40Z,regex
Girls Lacrosse,NORTH CAROLINE,,,,,2022,,pdfs/Spring record book 2025.pdf,14; 15,2026-08-24T17:37:40Z,regex
Girls Lacrosse,NORTH CARROLL,,,2004,,1991,,pdfs/Spring record book 2025.pdf,14; 15,2026-08-24T17:37:40Z,regex
Girls Lacrosse,NORTH COUNTY,,,1993; 2023; 2024,,2025,,pdfs/Spring record book 2025.pdf,14; 15,2026-08-24T17:37:40Z,regex
Girls Lacrosse,NORTHEAST-AA,,,,,2022; 2023,,pdfs/Spring record book 2025.pdf,14; 15,2026-08-24T17:37:40Z,regex
Girls Lacrosse,NORTH HARFORD,,2007; 2010,1998,,,,pdfs/Spring record book 2025.pdf,14; 15,2026-08-24T17:37:40Z,regex
Girls Lacrosse,NORTHERN-CAL,,,2022; 2024,,2023; 2025,,pdfs/Spring record book 2025.pdf,14; 15,2026-08-24T17:37:40Z,regex
Girls Lacrosse,NORTHWEST,,,2001,,,,pdfs/Spring record book 2025.pdf,14; 15,2026-08-24T17:37:40Z,regex
Girls Lacrosse,NORTHWESTERN,,,,,2021; 2022; 2023,,pdfs/Spring record book 2025.pdf,14; 15,2026-08-24T17:37:40Z,regex
Girls Lacrosse,OAKDALE,,2014; 2016,2017,,,,pdfs/Spring record book 2025.pdf,14; 15,2026-08-24T17:37:40Z,regex
Girls Lacrosse,OAKLAND MILLS,,,,,1990,,pdfs/Spring record book 2025.pdf,14; 15,2026-08-24T17:37:40Z,regex
Girls Lacrosse,OLD MILL,,,,,2022,,pdfs/Spring record book 2025.pdf,14; 15,2026-08-24T17:37:40Z,regex
Girls Lacrosse,OVERLEA,,,,,1991,,pdfs/Spring record book 2025.pdf,14; 15,2026-08-24T17:37:40Z,regex
Girls Lacrosse,PAINT BRANCH,,,2002,,,,pdfs/Spring record book 2025.pdf,14; 15,2026-08-24T17:37:40Z,regex
Girls Lacrosse,PARKSIDE,,,2012,,,,pdfs/Spring record book 2025.pdf,14; 15,2026-08-24T17:37:40Z,regex
Girls Lacrosse,PARKVILLE,,,1997; 1998,,1991,,pdfs/Spring record book 2025.pdf,14; 15,2026-08-24T17:37:40Z,regex
Girls Lacrosse,PATTERSON MILL,2018; 2019,2009,2010; 2011,,,,pdfs/Spring record book 2025.pdf,14; 15,2026-08-24T17:37:40Z,regex
Girls Lacrosse,PATUXENT,,,,,2021,,pdfs/Spring record book 2025.pdf,14; 15,2026-08-24T17:37:40Z,regex
Girls Lacrosse,PERRY HALL,,1992,1990; 1991; 2025,,2024,,pdfs/Spring record book 2025.pdf,14; 15,2026-08-24T17:37:40Z,regex
Girls Lacrosse,PERRYVILLE,,,2023; 2024,,2022,,pdfs/Spring record book 2025.pdf,14; 15,2026-08-24T17:37:40Z,regex
Girls Lacrosse,PIKESVILLE,,2006; 2007,1991; 2005,,1990; 2025,,pdfs/Spring record book 2025.pdf,14; 15,2026-08-24T17:37:40Z,regex
Girls Lacrosse,QUEEN ANNE'S,2021,2012; 2015; 2024,2007; 2009; 2010; 2011; 2013; 2014; 2016; 2017; 2019,,2022,,pdfs/Spring record book 2025.pdf,14; 15,2026-08-24T17:37:40Z,regex
Girls Lacrosse,QUINCE ORCHARD,,,2025,,2021,,pdfs/Spring record book 2025.pdf,14; 15,2026-08-24T17:37:40Z,regex
Girls Lacrosse,RISING SUN,,,2008; 2025,,,,pdfs/Spring record book 2025.pdf,14; 15,2026-08-24T17:37:40Z,regex
Girls Lacrosse,RIVER HILL,,,,,2021; 2022; 2023,,pdfs/Spring record book 2025.pdf,14; 15,2026-08-24T17:37:40Z,regex
Girls Lacrosse,ROCKVILLE,,,,,2021,,pdfs/Spring record book 2025.pdf,14; 15,2026-08-24T17:37:40Z,regex
Girls Lacrosse,ELEANOR ROOSEVELT,,,2018; 2019,,2022; 2023; 2024; 2025,,pdfs/Spring record book 2025.pdf,14; 15,2026-08-24T17:37:40Z,regex
Girls Lacrosse,SEVERNA PARK,1990; 1991; 1992; 1993; 2000; 2001; 2007; 2008; 2009; 2011; 2012; 2014; 2015; 2019; 2023; 2024,1997; 2006; 2017; 2022,,,,,pdfs/Spring record book 2025.pdf,14; 15,2026-08-24T17:37:40Z,regex
Girls Lacrosse,SHERWOOD,,2013,2014; 2017; 2021; 2022,,2023; 2024,,pdfs/Spring record book 2025.pdf,14; 15,2026-08-24T17:37:40Z,regex
Girls Lacrosse,SMITHSBURG,,,2023,,,,pdfs/Spring record book 2025.pdf,14; 15,2026-08-24T17:37:40Z,regex
Girls Lacrosse,SOUTH CARROLL,2019; 2025,1993,,,,,pdfs/Spring record book 2025.pdf,14; 15,2026-08-24T17:37:40Z,regex
Girls Lacrosse,SOUTH RIVER,2010; 2018,2001,1994; 1998; 1999; 2004,,,,pdfs/Spring record book 2025.pdf,14; 15,2026-08-24T17:37:40Z,regex
Girls Lacrosse,SOUTHERN (AA),,1990; 2001; 2002; 2004,1992; 1996; 1997; 2008; 2015; 2021; 2022,,2023; 2025,,pdfs/Spring record book 2025.pdf,14; 15,2026-08-24T17:37:40Z,regex
Girls Lacrosse,SPARROWS POINT,,,2006; 2016,,2021,,pdfs/Spring record book 2025.pdf,14; 15,2026-08-24T17:37:40Z,regex
Girls Lacrosse,TOWSON,1997,1996; 1998; 1999; 2008,1993; 1995; 2006; 2025,,1991; 2021; 2022,,pdfs/Spring record book 2025.pdf,14; 15,2026-08-24T17:37:40Z,regex
Girls Lacrosse,URBANA,,2005; 2024; 2025,2001; 2021; 2022,,2023,,pdfs/Spring record book 2025.pdf,14; 15,2026-08-24T17:37:40Z,regex
Girls Lacrosse,WALKERSVILLE,,,2006; 2007,,,,pdfs/Spring record book 2025.pdf,14; 15,2026-08-24T17:37:40Z,regex
Girls Lacrosse,WESTMINSTER,2018; 2019,2004; 2009; 2011; 2012,2005; 2006; 2007; 2008; 2010; 2023,,,,pdfs/Spring record book 2025.pdf,14; 15,2026-08-24T17:37:40Z,regex
Girls Lacrosse,WALT WHITMAN,,,2000; 2001; 2002; 2003; 2004; 2014; 2015; 2018; 2019; 2024,,2021,,pdfs/Spring record book 2025.pdf,14; 15,2026-08-24T17:37:40Z,regex
Girls Lacrosse,WINTERS MILL,2008; 2010; 2011; 2013,2012,2009,,,,pdfs/Spring record book 2025.pdf,14; 15,2026-08-24T17:37:40Z,regex
Girls Lacrosse,THOMAS S. WOOTTON,,,2008,,2024; 2025,,pdfs/Spring record book 2025.pdf,14; 15,2026-08-24T17:37:40Z,regex
Girls Lacrosse,C. MILTON WRIGHT,2004,1995; 1998; 2003; 2010; 2017; 2019; 2021,1993; 1996; 1999; 2001; 2002; 2011; 2012; 2013; 2016; 2023; 2025,,,,pdfs/Spring record book 2025.pdf,14; 15,2026-08-24T17:37:40Z,regex
Boys Lacrosse,ACCE,,,2022; 2023,,,,pdfs/Spring record book 2025.pdf,19; 20,2026-08-24T17:37:40Z,regex
Boys Lacrosse,ANDOVER,,1990,,,,,pdfs/Spring record book 2025.pdf,19; 20,2026-08-24T17:37:40Z,regex
Boys Lacrosse,ANNAPOLIS,1994; 1998; 2003,1990; 2002,1991,,,,pdfs/Spring record book 2025.pdf,19; 20,2026-08-24T17:37:40Z,regex
Boys Lacrosse,ARUNDEL,1995,2001,,,2021,,pdfs/Spring record book 2025.pdf,19; 20,2026-08-24T17:37:40Z,regex
Boys Lacrosse,BALTIMORE CITY COLLEGE,,,,,2021,,pdfs/Spring record book 2025.pdf,19; 20,2026-08-24T17:37:40Z,regex
Boys Lacrosse,BEL AIR,,,2012; 2016,,2024; 2025,,pdfs/Spring record book 2025.pdf,19; 20,2026-08-24T17:37:40Z,regex
Boys Lacrosse,JAMES M. BENNETT,,,2019,,2021,,pdfs/Spring record book 2025.pdf,19; 20,2026-08-24T17:37:40Z,regex
Boys Lacrosse,MONTGOMERY BLAIR,,,2017,,2024; 2025,,pdfs/Spring record book 2025.pdf,19; 20,2026-08-24T17:37:40Z,regex
Boys Lacrosse,JAMES H. BLAKE,,,,,2021,,pdfs/Spring record book 2025.pdf,19; 20,2026-08-24T17:37:40Z,regex
Boys Lacrosse,BOWIE,,,2019; 2021,,,,pdfs/Spring record book 2025.pdf,19; 20,2026-08-24T17:37:40Z,regex
Boys Lacrosse,BROADNECK,1992; 1993; 1996; 1997,2022; 2024; 2025,,,1991,,pdfs/Spring record book 2025.pdf,19; 20,2026-08-24T17:37:40Z,regex
Boys Lacrosse,CALVERT,,,,,2021; 2024; 2025,,pdfs/Spring record book 2025.pdf,19; 20,2026-08-24T17:37:40Z,regex
Boys Lacrosse,CAMBRIDGE-SD,,,1996,,2025,,pdfs/Spring record book 2025.pdf,19; 20,2026-08-24T17:37:40Z,regex
Boys Lacrosse,CATONSVILLE,,1996; 2021,1995; 2002; 2009; 2022,,1990; 1991; 2023,,pdfs/Spring record book 2025.pdf,19; 20,2026-08-24T17:37:40Z,regex
Boys Lacrosse,CENTENNIAL,1998; 2002; 2004; 2005,1994; 2009,1992; 1993; 2001; 2008,,,,pdfs/Spring record book 2025.pdf,19; 20,2026-08-24T17:37:40Z,regex
Boys Lacrosse,CENTURY,,2019,2013,,2025,,pdfs/Spring record book 2025.pdf,19; 20,2026-08-24T17:37:40Z,regex
Boys Lacrosse,CHESAPEAKE-AA,,,,,2024; 2025,,pdfs/Spring record book 2025.pdf,19; 20,2026-08-24T17:37:40Z,regex
Boys Lacrosse,CHOPTICON,,,2023,,,,pdfs/Spring record book 2025.pdf,19; 20,2026-08-24T17:37:40Z,regex
Boys Lacrosse,WINSTON CHURCHILL,2022,2015; 2017; 2018,2002; 2012; 2013; 2016; 2019; 2023; 2024,,2021,,pdfs/Spring record book 2025.pdf,19; 20,2026-08-24T17:37:40Z,regex
Boys Lacrosse,DAMASCUS,,,2001; 2018,,2022; 2023,,pdfs/Spring record book 2025.pdf,19; 20,2026-08-24T17:37:40Z,regex
Boys Lacrosse,STEPHEN DECATUR,,2025,2006,,2024,,pdfs/Spring record book 2025.pdf,19; 20,2026-08-24T17:37:40Z,regex
Boys Lacrosse,DULANEY,1990; 1991; 2000; 2001; 2002; 2003; 2005; 2008,1992; 1998; 2006,1995; 1996; 1997; 1999; 2004; 2007; 2011; 2014,,2022; 2023,,pdfs/Spring record book 2025.pdf,19; 20,2026-08-24T17:37:40Z,regex
Boys Lacrosse,DUNDALK,,,,,2025,,pdfs/Spring record book 2025.pdf,19; 20,2026-08-24T17:37:40Z,regex
Boys Lacrosse,EASTERN TECHNICAL,,,2001; 2008; 2015,,,,pdfs/Spring record book 2025.pdf,19; 20,2026-08-24T17:37:40Z,regex
Boys Lacrosse,EASTON,2015,,1993; 2009; 2022; 2023,,,,pdfs/Spring record book 2025.pdf,19; 20,2026-08-24T17:37:40Z,regex
Boys Lacrosse,EDGEWOOD,,,1990,,,,pdfs/Spring record book 2025.pdf,19; 20,2026-08-24T17:37:40Z,regex
Boys Lacrosse,EDMONDSON,,,1994,,,,pdfs/Spring record book 2025.pdf,19; 20,2026-08-24T17:37:40Z,regex
Boys Lacrosse,FAIRMONT HEIGHTS,,,,,2023; 2024; 2025,,pdfs/Spring record book 2025.pdf,19; 20,2026-08-24T17:37:40Z,regex
Boys Lacrosse,FALLSTON,2001; 2012; 2013; 2014; 2016; 2021; 2023; 2024,1993; 1999; 2007; 2022,1992; 1998; 2002; 2017,,1991,,pdfs/Spring record book 2025.pdf,19; 20,2026-08-24T17:37:40Z,regex
Boys Lacrosse,CHARLES H. FLOWERS,,,,,2022,,pdfs/Spring record book 2025.pdf,19; 20,2026-08-24T17:37:40Z,regex
Boys Lacrosse,FOREST PARK,,,2025,,2021,,pdfs/Spring record book 2025.pdf,19; 20,2026-08-24T17:37:40Z,regex
Boys Lacrosse,FRANKLIN,,2003,,,,,pdfs/Spring record book 2025.pdf,19; 20,2026-08-24T17:37:40Z,regex
Boys Lacrosse,GLEN BURNIE,,,,,2024,,pdfs/Spring record book 2025.pdf,19; 20,2026-08-24T17:37:40Z,regex
Boys Lacrosse,GLENELG,2007; 2008; 2011; 2019,1997; 2000; 2004; 2010; 2012; 2013; 2017,2003; 2005; 2009; 2014; 2021; 2025,,2022; 2023,,pdfs/Spring record book 2025.pdf,19; 20,2026-08-24T17:37:40Z,regex
Boys Lacrosse,GWYNN PARK,,,,,2022,,pdfs/Spring record book 2025.pdf,19; 20,2026-08-24T17:37:40Z,regex
Boys Lacrosse,HAMMOND,,,,,1991,,pdfs/Spring record book 2025.pdf,19; 20,2026-08-24T17:37:40Z,regex
Boys Lacrosse,HAVRE DE GRACE,,,2006,,,,pdfs/Spring record book 2025.pdf,19; 20,2026-08-24T17:37:40Z,regex
Boys Lacrosse,HEREFORD,1996; 2000; 2003; 2008; 2009; 2010; 2011; 2012; 2013; 2021,2014; 2018; 2023; 2024,1998; 1999; 2015; 2016; 2017; 2019; 2022,,1990; 2025,,pdfs/Spring record book 2025.pdf,19; 20,2026-08-24T17:37:40Z,regex
Boys Lacrosse,HOWARD,2015,2014; 2016; 2019,2013; 2018,,1990,,pdfs/Spring record book 2025.pdf,19; 20,2026-08-24T17:37:40Z,regex
Boys Lacrosse,HUNTINGOTOWN,,2022,2023; 2024; 2025,,2021,,pdfs/Spring record book 2025.pdf,19; 20,2026-08-24T17:37:40Z,regex
Boys Lacrosse,GOV. THOMAS JOHNSON,,,2010,,,,pdfs/Spring record book 2025.pdf,19; 20,2026-08-24T17:37:40Z,regex
Boys Lacrosse,WALTER JOHNSON,,,2004; 2005,,,,pdfs/Spring record book 2025.pdf,19; 20,2026-08-24T17:37:40Z,regex
Boys Lacrosse,JOPPATOWNE,,,2008; 2009,,,,pdfs/Spring record book 2025.pdf,19; 20,2026-08-24T17:37:40Z,regex
Boys Lacrosse,KENT COUNTY,,,1994; 1996; 1997; 1998,,1990; 1991,,pdfs/Spring record book 2025.pdf,19; 20,2026-08-24T17:37:40Z,regex
Boys Lacrosse,KENT ISLAND,2014; 2015; 2022; 2023,2021,2008; 2011; 2012; 2013; 2018; 2024,,,,pdfs/Spring record book 2025.pdf,19; 20,2026-08-24T17:37:40Z,regex
Boys Lacrosse,KENWOOD,,,,,1990,,pdfs/Spring record book 2025.pdf,19; 20,2026-08-24T17:37:40Z,regex
Boys Lacrosse,FRANCIS SCOTT KEY,,,2001,,,,pdfs/Spring record book 2025.pdf,19; 20,2026-08-24T17:37:40Z,regex
Boys Lacrosse,LAKE CLIFTON,,,1995,,,,pdfs/Spring record book 2025.pdf,19; 20,2026-08-24T17:37:40Z,regex
Boys Lacrosse,LA PLATA,,,,,2021,,pdfs/Spring record book 2025.pdf,19; 20,2026-08-24T17:37:40Z,regex
Boys Lacrosse,LAUREL,,,,,2023,,pdfs/Spring record book 2025.pdf,19; 20,2026-08-24T17:37:40Z,regex
Boys Lacrosse,LIBERTY,,2005; 2016; 2024,2003; 2004; 2015; 2017,,2021; 2022; 2023,,pdfs/Spring record book 2025.pdf,19; 20,2026-08-24T17:37:40Z,regex
Boys Lacrosse,LINGANORE,2011; 2016,,2017; 2022; 2023; 2024,,,,pdfs/Spring record book 2025.pdf,19; 20,2026-08-24T17:37:40Z,regex
Boys Lacrosse,LOCH RAVEN,2006,,1991; 2010; 2011; 2014,,2022,,pdfs/Spring record book 2025.pdf,19; 20,2026-08-24T17:37:40Z,regex
Boys Lacrosse,COL. ZADOK MAGRUDER,,,,,2024,,pdfs/Spring record book 2025.pdf,19; 20,2026-08-24T17:37:40Z,regex
Boys Lacrosse,MANCHESTER VALLEY,,,,,2024,,pdfs/Spring record book 2025.pdf,19; 20,2026-08-24T17:37:40Z,regex
Boys Lacrosse,MARRIOTTS RIDGE,2018,,2018; 2019,,,,pdfs/Spring record book 2025.pdf,19; 20,2026-08-24T17:37:40Z,regex
Boys Lacrosse,MIDDLETOWN,2025,2011,2010; 2015,,,,pdfs/Spring record book 2025.pdf,19; 20,2026-08-24T17:37:40Z,regex
Boys Lacrosse,RICHARD MONTGOMERY,,,,,2024; 2025,,pdfs/Spring record book 2025.pdf,19; 20,2026-08-24T17:37:40Z,regex
Boys Lacrosse,MOUNT HEBRON,1991; 1999; 2002; 2006,1992; 1995; 1996; 1997; 2016; 2022; 2023,1990; 2000,,,,pdfs/Spring record book 2025.pdf,19; 20,2026-08-24T17:37:40Z,regex
Boys Lacrosse,NORTH CARROLL,,2014,,,,,pdfs/Spring record book 2025.pdf,19; 20,2026-08-24T17:37:40Z,regex
Boys Lacrosse,NORTH COUNTY,,1991,1992; 1993; 2025,,2022; 2023,,pdfs/Spring record book 2025.pdf,19; 20,2026-08-24T17:37:40Z,regex
Boys Lacrosse,NORTH EAST (Cecil),,,2014,,,,pdfs/Spring record book 2025.pdf,19; 20,2026-08-24T17:37:40Z,regex
Boys Lacrosse,NORTH HARFORD,1990; 1995,1991; 1994,2006,,,,pdfs/Spring record book 2025.pdf,19; 20,2026-08-24T17:37:40Z,regex
Boys Lacrosse,NORTHEAST (AA),,,2004; 2007,,2022; 2023,,pdfs/Spring record book 2025.pdf,19; 20,2026-08-24T17:37:40Z,regex
Boys Lacrosse,NORTHERN (Cal.),2017,2018; 2019,2005; 2016,,2022; 2024; 2025,,pdfs/Spring record book 2025.pdf,19; 20,2026-08-24T17:37:40Z,regex
Boys Lacrosse,NORTHWEST,,,,,2021,,pdfs/Spring record book 2025.pdf,19; 20,2026-08-24T17:37:40Z,regex
Boys Lacrosse,NORTHWESTERN-B,,,2012; 2013,,,,pdfs/Spring record book 2025.pdf,19; 20,2026-08-24T17:37:40Z,regex
Boys Lacrosse,NORTHWESTERN-PG,,,,,2021; 2022,,pdfs/Spring record book 2025.pdf,19; 20,2026-08-24T17:37:40Z,regex
Boys Lacrosse,OAKDALE,,,2013,,2021; 2023,,pdfs/Spring record book 2025.pdf,19; 20,2026-08-24T17:37:40Z,regex
Boys Lacrosse,OAKLAND MILLS,,,1993; 1994; 1995,,,,pdfs/Spring record book 2025.pdf,19; 20,2026-08-24T17:37:40Z,regex
Boys Lacrosse,OVERLEA,,,,,1991,,pdfs/Spring record book 2025.pdf,19; 20,2026-08-24T17:37:40Z,regex
Boys Lacrosse,PARKSIDE,2005,2003; 2006; 2007,2004; 2010; 2019; 2021,,,,pdfs/Spring record book 2025.pdf,19; 20,2026-08-24T17:37:40Z,regex
Boys Lacrosse,PATTERSON,,,1996; 1997,,,,pdfs/Spring record book 2025.pdf,19; 20,2026-08-24T17:37:40Z,regex
Boys Lacrosse,PATTERSON MILL,2018; 2019,2011; 2013,2010; 2012,,,,pdfs/Spring record book 2025.pdf,19; 20,2026-08-24T17:37:40Z,regex
Boys Lacrosse,PERRY HALL,,1993,1990; 1994; 2024,,1991,,pdfs/Spring record book 2025.pdf,19; 20,2026-08-24T17:37:40Z,regex
Boys Lacrosse,PERRYVILLE,,2023,2021; 2024,,2022,,pdfs/Spring record book 2025.pdf,19; 20,2026-08-24T17:37:40Z,regex
Boys Lacrosse,PIKESVILLE,2001; 2004; 2009,,,,2023; 2024,,pdfs/Spring record book 2025.pdf,19; 20,2026-08-24T17:37:40Z,regex
Boys Lacrosse,QUEEN ANNE'S,2010,2009,1999; 2000; 2011,,,,pdfs/Spring record book 2025.pdf,19; 20,2026-08-24T17:37:40Z,regex
Boys Lacrosse,RISING SUN,,,,,2025,,pdfs/Spring record book 2025.pdf,19; 20,2026-08-24T17:37:40Z,regex
Boys Lacrosse,RIVER HILL,,2010; 2015,,,2021; 2022; 2023,,pdfs/Spring record book 2025.pdf,19; 20,2026-08-24T17:37:40Z,regex
Boys Lacrosse,ROCKVILLE,,,,,2025,,pdfs/Spring record book 2025.pdf,19; 20,2026-08-24T17:37:40Z,regex
Boys Lacrosse,ELEANOR ROOSEVELT,,,2018,,2023; 2024; 2025,,pdfs/Spring record book 2025.pdf,19; 20,2026-08-24T17:37:40Z,regex
Boys Lacrosse,SENECA VALLEY,,,2000; 2002; 2003,,,,pdfs/Spring record book 2025.pdf,19; 20,2026-08-24T17:37:40Z,regex
Boys Lacrosse,SEVERNA PARK,1999; 2004; 2006; 2007; 2010; 2016; 2017; 2018; 2019; 2021; 2022; 2023; 2024; 2025,2000; 2002; 2003; 2005,,,,,pdfs/Spring record book 2025.pdf,19; 20,2026-08-24T17:37:40Z,regex
Boys Lacrosse,SHERWOOD,,2023,2003; 2021; 2022,,2024; 2025,,pdfs/Spring record book 2025.pdf,19; 20,2026-08-24T17:37:40Z,regex
Boys Lacrosse,SMITHSBURG,,2018; 2021,,,,,pdfs/Spring record book 2025.pdf,19; 20,2026-08-24T17:37:40Z,regex
Boys Lacrosse,SOUTH CARROLL,,2012; 2017,1991; 1998; 2006,,1990,,pdfs/Spring record book 2025.pdf,19; 20,2026-08-24T17:37:40Z,regex
Boys Lacrosse,SOUTH RIVER,2009; 2012; 2014,1995; 2001; 2011; 2013,2015,,,,pdfs/Spring record book 2025.pdf,19; 20,2026-08-24T17:37:40Z,regex
Boys Lacrosse,SOUTHERN (AA),2017; 2022,2001; 2002; 2008; 2015,1992; 1997; 2016; 2021,,1990; 2023; 2024,,pdfs/Spring record book 2025.pdf,19; 20,2026-08-24T17:37:40Z,regex
Boys Lacrosse,SPARROWS POINT,,2019,2007; 2018,,2021; 2022; 2023,,pdfs/Spring record book 2025.pdf,19; 20,2026-08-24T17:37:40Z,regex
Boys Lacrosse,SURRATTSVILLE,,,,,2021,,pdfs/Spring record book 2025.pdf,19; 20,2026-08-24T17:37:40Z,regex
Boys Lacrosse,TOWSON,1992; 1993; 1994; 1997,1998; 1999; 2004; 2005; 2021; 2024; 2025,1991; 2018; 2019,,1990; 2022; 2023,,pdfs/Spring record book 2025.pdf,19; 20,2026-08-24T17:37:40Z,regex
Boys Lacrosse,URBANA,2021; 2024; 2025,2006; 2008; 2009,2004; 2005; 2007; 2014; 2022; 2023,,,,pdfs/Spring record book 2025.pdf,19; 20,2026-08-24T17:37:40Z,regex
Boys Lacrosse,WALKERSVILLE,,2008,2002; 2009,,2022,,pdfs/Spring record book 2025.pdf,19; 20,2026-08-24T17:37:40Z,regex
Boys Lacrosse,WESTMINSTER,2013; 2018; 2019,2004; 2012,1999; 2003; 2005; 2006; 2007; 2017,,,,pdfs/Spring record book 2025.pdf,19; 20,2026-08-24T17:37:40Z,regex
Boys Lacrosse,WALT WHITMAN,,,2001; 2025,,,,pdfs/Spring record book 2025.pdf,19; 20,2026-08-24T17:37:40Z,regex
Boys Lacrosse,WINTERS MILL,2007,,2012,,,,pdfs/Spring record book 2025.pdf,19; 20,2026-08-24T17:37:40Z,regex
Boys Lacrosse,THOMAS S. WOOTTON,,2007; 2010,2006; 2008; 2009; 2011,,,,pdfs/Spring record book 2025.pdf,19; 20,2026-08-24T17:37:40Z,regex
Boys Lacrosse,C. MILTON WRIGHT,,,2000; 2001; 2010; 2021,,,,pdfs/Spring record book 2025.pdf,19; 20,2026-08-24T17:37:40Z,regex
Softball,ABERDEEN,1977; 1979,1980,1992,,,,pdfs/Spring record book 2025.pdf,27; 28,2026-08-24T17:37:40Z,regex
Softball,ALLEGANY,1999; 2010; 2022; 2024,2017; 2021,2025,,,,pdfs/Spring record book 2025.pdf,27; 28,2026-08-24T17:37:40Z,regex
Softball,ANDOVER,,1981,1983,,,,pdfs/Spring record book 2025.pdf,27; 28,2026-08-24T17:37:40Z,regex
Softball,ARUNDEL,1983,,1982; 2017,,,,pdfs/Spring record book 2025.pdf,27; 28,2026-08-24T17:37:40Z,regex
Softball,ATHOLTON,,1994; 2000; 2001; 2008,,,,,pdfs/Spring record book 2025.pdf,27; 28,2026-08-24T17:37:40Z,regex
Softball,BEALL,2004,2005,2003,,,,pdfs/Spring record book 2025.pdf,27; 28,2026-08-24T17:37:40Z,regex
Softball,BEL AIR,1976; 1977; 1978,,1979; 1994; 2019,,,,pdfs/Spring record book 2025.pdf,27; 28,2026-08-24T17:37:40Z,regex
Softball,JAMES M. BENNETT,,,1986; 1997,,,,pdfs/Spring record book 2025.pdf,27; 28,2026-08-24T17:37:40Z,regex
Softball,MONTGOMERY BLAIR,,,2011; 2014; 2016,,,,pdfs/Spring record book 2025.pdf,27; 28,2026-08-24T17:37:40Z,regex
Softball,JAMES H. BLAKE,,,2010,,,,pdfs/Spring record book 2025.pdf,27; 28,2026-08-24T17:37:40Z,regex
Softball,BOHEMIA MANOR,1992; 1994; 1995; 2017; 2018; 2019,1996; 2001,2007; 2008; 2014,,,,pdfs/Spring record book 2025.pdf,27; 28,2026-08-24T17:37:40Z,regex
Softball,BOONSBORO,,2016; 2024,2022; 2025,,,,pdfs/Spring record book 2025.pdf,27; 28,2026-08-24T17:37:40Z,regex
Softball,BOWIE,1980,1977; 2003; 2005,1978; 1988; 1997; 1999; 2006; 2010; 2011; 2014,,,,pdfs/Spring record book 2025.pdf,27; 28,2026-08-24T17:37:40Z,regex
Softball,BROADNECK,2009; 2010,,2023,,,,pdfs/Spring record book 2025.pdf,27; 28,2026-08-24T17:37:40Z,regex
Softball,BROOKLYN PARK,1989; 1990,1986; 1987,,,,,pdfs/Spring record book 2025.pdf,27; 28,2026-08-24T17:37:40Z,regex
Softball,BRUNSWICK,,,2019,,,,pdfs/Spring record book 2025.pdf,27; 28,2026-08-24T17:37:40Z,regex
Softball,CALVERT,1992; 1993; 1997; 1998; 2005; 2006; 2022,2003; 2021; 2023,1991,,,,pdfs/Spring record book 2025.pdf,27; 28,2026-08-24T17:37:40Z,regex
Softball,CAMBRIDGE-S. DORCHESTER,,,2021,,,,pdfs/Spring record book 2025.pdf,27; 28,2026-08-24T17:37:40Z,regex
Softball,CATOCTIN,1986; 2006; 2011,1979; 1980; 1982; 1983; 1990; 1995; 1999; 2002; 2004; 2013; 2016; 2018; 2023; 2025,1981; 1996; 1997; 2000; 2001; 2003,,,,pdfs/Spring record book 2025.pdf,27; 28,2026-08-24T17:37:40Z,regex
Softball,CATONSVILLE,2021,1978; 2003,2000; 2001; 2006; 2022,,,,pdfs/Spring record book 2025.pdf,27; 28,2026-08-24T17:37:40Z,regex
Softball,CENTENNIAL,,1980; 1986; 1993,1982; 1989; 1992,,,,pdfs/Spring record book 2025.pdf,27; 28,2026-08-24T17:37:40Z,regex
Softball,CENTURY,,,2006; 2007; 2008; 2022,,,,pdfs/Spring record book 2025.pdf,27; 28,2026-08-24T17:37:40Z,regex
Softball,CHESAPEAKE (AA),1988; 1990; 1991; 1992; 1993; 2007; 2008; 2021,1987; 2004; 2006; 2011; 2012; 2014; 2019,2024,,,,pdfs/Spring record book 2025.pdf,27; 28,2026-08-24T17:37:40Z,regex
Softball,CHESAPEAKE (BC),1979,,1985; 1988; 1989; 1990; 1992; 1995,,,,pdfs/Spring record book 2025.pdf,27; 28,2026-08-24T17:37:40Z,regex
Softball,CHOPTICON,1985; 2025,2016; 2022,2024,,,,pdfs/Spring record book 2025.pdf,27; 28,2026-08-24T17:37:40Z,regex
Softball,WINSTON CHURCHILL,,2025,1994,,,,pdfs/Spring record book 2025.pdf,27; 28,2026-08-24T17:37:40Z,regex
Softball,CLEAR SPRING,,1991; 1992,1996; 1997; 2021,,,,pdfs/Spring record book 2025.pdf,27; 28,2026-08-24T17:37:40Z,regex
Softball,CROSSLAND,,1982; 1983,1981,,,,pdfs/Spring record book 2025.pdf,27; 28,2026-08-24T17:37:40Z,regex
Softball,DAMASCUS,1987; 1992; 1994; 2023,1982; 1991; 1993; 2000; 2005; 2007,1986; 1990; 1998; 2008; 2011; 2013; 2021; 2022; 2024; 2025,,,,pdfs/Spring record book 2025.pdf,27; 28,2026-08-24T17:37:40Z,regex
Softball,STEPHEN DECATUR,,2025,1991; 2022; 2023,,,,pdfs/Spring record book 2025.pdf,27; 28,2026-08-24T17:37:40Z,regex
Softball,FREDERICK DOUGLASS (PG),,1978,2015,,,,pdfs/Spring record book 2025.pdf,27; 28,2026-08-24T17:37:40Z,regex
Softball,DULANEY,,2001; 2023,1993; 1998; 2003; 2025,,,,pdfs/Spring record book 2025.pdf,27; 28,2026-08-24T17:37:40Z,regex
Softball,DUNBAR,,,2010; 2012; 2013,,,,pdfs/Spring record book 2025.pdf,27; 28,2026-08-24T17:37:40Z,regex
Softball,DUNDALK,,,1982; 1993,,,,pdfs/Spring record book 2025.pdf,27; 28,2026-08-24T17:37:40Z,regex
Softball,EASTERN TECHNICAL,2014,2013; 2018,1995; 2002; 2006; 2008; 2010; 2012; 2016; 2017; 2019; 2023,,,,pdfs/Spring record book 2025.pdf,27; 28,2026-08-24T17:37:40Z,regex
Softball,EASTON,2000; 2002; 2004; 2008; 2010; 2011; 2013,1997; 2005; 2006; 2014,1993; 2009,,,,pdfs/Spring record book 2025.pdf,27; 28,2026-08-24T17:37:40Z,regex
Softball,ALBERT EINSTEIN,,1985,,,,,pdfs/Spring record book 2025.pdf,27; 28,2026-08-24T17:37:40Z,regex
Softball,ELKTON,1978,1990; 1991; 1992,1994; 2006,,,,pdfs/Spring record book 2025.pdf,27; 28,2026-08-24T17:37:40Z,regex
Softball,FALLSTON,2004,1981,1980; 1982; 1984; 1999; 2001; 2002; 2009,,,,pdfs/Spring record book 2025.pdf,27; 28,2026-08-24T17:37:40Z,regex
Softball,CHARLES H. FLOWERS,,,2009; 2012; 2018,,,,pdfs/Spring record book 2025.pdf,27; 28,2026-08-24T17:37:40Z,regex
Softball,FORT HILL,2008,2004; 2009,2002; 2006,,,,pdfs/Spring record book 2025.pdf,27; 28,2026-08-24T17:37:40Z,regex
Softball,FRANKLIN,,1996; 2009,1981; 1997; 2000; 2007,,,,pdfs/Spring record book 2025.pdf,27; 28,2026-08-24T17:37:40Z,regex
Softball,FREDERICK,,1988; 1991; 1992,2004; 2005,,,,pdfs/Spring record book 2025.pdf,27; 28,2026-08-24T17:37:40Z,regex
Softball,GAITHERSBURG,1999,,1987; 2006,,,,pdfs/Spring record book 2025.pdf,27; 28,2026-08-24T17:37:40Z,regex
Softball,GLEN BURNIE,1986; 1989; 1998,2013; 2019,1985,,,,pdfs/Spring record book 2025.pdf,27; 28,2026-08-24T17:37:40Z,regex
Softball,GLENELG,,,1998; 2003; 2004; 2009; 2010; 2025,,,,pdfs/Spring record book 2025.pdf,27; 28,2026-08-24T17:37:40Z,regex
Softball,GREAT MILLS,,,1996,,,,pdfs/Spring record book 2025.pdf,27; 28,2026-08-24T17:37:40Z,regex
Softball,HAMMOND,2007,,,,,,pdfs/Spring record book 2025.pdf,27; 28,2026-08-24T17:37:40Z,regex
Softball,HANCOCK,,1993,1994,,,,pdfs/Spring record book 2025.pdf,27; 28,2026-08-24T17:37:40Z,regex
Softball,HEREFORD,,,2004; 2007,,,,pdfs/Spring record book 2025.pdf,27; 28,2026-08-24T17:37:40Z,regex
Softball,HIGH POINT,1984,,1983; 1985,,,,pdfs/Spring record book 2025.pdf,27; 28,2026-08-24T17:37:40Z,regex
Softball,HOWARD,,2011,1996; 1999; 2010; 2018,,,,pdfs/Spring record book 2025.pdf,27; 28,2026-08-24T17:37:40Z,regex
Softball,HUNTINGTOWN,2005; 2006; 2007; 2018; 2019; 2025,2016; 2017; 2024,2023,,,,pdfs/Spring record book 2025.pdf,27; 28,2026-08-24T17:37:40Z,regex
Softball,GOV. THOMAS JOHNSON,1994,,1985; 1993; 1996,,,,pdfs/Spring record book 2025.pdf,27; 28,2026-08-24T17:37:40Z,regex
Softball,WALTER JOHNSON,,,2024,,,,pdfs/Spring record book 2025.pdf,27; 28,2026-08-24T17:37:40Z,regex
Softball,JOPPATOWNE,,,1978,,,,pdfs/Spring record book 2025.pdf,27; 28,2026-08-24T17:37:40Z,regex
Softball,KENT COUNTY,,,2010,,,,pdfs/Spring record book 2025.pdf,27; 28,2026-08-24T17:37:40Z,regex
Softball,FRANCIS SCOTT KEY,,,1991; 2024,,,,pdfs/Spring record book 2025.pdf,27; 28,2026-08-24T17:37:40Z,regex
Softball,LA PLATA,2016; 2018; 2019,1985; 1998,1987; 1992; 2021,,,,pdfs/Spring record book 2025.pdf,27; 28,2026-08-24T17:37:40Z,regex
Softball,HENRY E. LACKEY,,1977; 2002,1995; 1997; 2003; 2018,,,,pdfs/Spring record book 2025.pdf,27; 28,2026-08-24T17:37:40Z,regex
Softball,LAKE CLIFTON,,,2014,,,,pdfs/Spring record book 2025.pdf,27; 28,2026-08-24T17:37:40Z,regex
Softball,LANSDOWNE,,1981; 2009; 2011,1987; 2012; 2015,,,,pdfs/Spring record book 2025.pdf,27; 28,2026-08-24T17:37:40Z,regex
Softball,LAUREL,,,1979; 1991,,,,pdfs/Spring record book 2025.pdf,27; 28,2026-08-24T17:37:40Z,regex
Softball,LEONARDTOWN,2024; 2025,,2015,,,,pdfs/Spring record book 2025.pdf,27; 28,2026-08-24T17:37:40Z,regex
Softball,LIBERTY,2012,1983,,,,,pdfs/Spring record book 2025.pdf,27; 28,2026-08-24T17:37:40Z,regex
Softball,LINGANORE,2022,2012; 2014; 2024,2007; 2008; 2015; 2017,,,,pdfs/Spring record book 2025.pdf,27; 28,2026-08-24T17:37:40Z,regex
Softball,LOCH RAVEN,,1989; 2011,1983,,,,pdfs/Spring record book 2025.pdf,27; 28,2026-08-24T17:37:40Z,regex
Softball,COL.. ZADOK MAGRUDER,,,1984; 2001; 2002; 2012,,,,pdfs/Spring record book 2025.pdf,27; 28,2026-08-24T17:37:40Z,regex
Softball,MANCHESTER VALLEY,2014; 2015,,,,,,pdfs/Spring record book 2025.pdf,27; 28,2026-08-24T17:37:40Z,regex
Softball,MARDELA,1980; 2025,1978; 1981; 2012,1976; 1987; 1989; 1991; 1994; 2016; 2017; 2023,,,,pdfs/Spring record book 2025.pdf,27; 28,2026-08-24T17:37:40Z,regex
Softball,MCDONOUGH,1995; 1996; 1997; 1998,2008; 2012,1989; 1994; 2011; 2014,,,,pdfs/Spring record book 2025.pdf,27; 28,2026-08-24T17:37:40Z,regex
Softball,MEADE,1978,,,,,,pdfs/Spring record book 2025.pdf,27; 28,2026-08-24T17:37:40Z,regex
Softball,MIDDLETOWN,2015,1997,2005; 2019,,,,pdfs/Spring record book 2025.pdf,27; 28,2026-08-24T17:37:40Z,regex
Softball,MILFORD MILL,,,1979,,,,pdfs/Spring record book 2025.pdf,27; 28,2026-08-24T17:37:40Z,regex
Softball,MOUNT HEBRON,,1984; 1994; 1995,,,,,pdfs/Spring record book 2025.pdf,27; 28,2026-08-24T17:37:40Z,regex
Softball,MOUNTAIN RIDGE,2012; 2013,,,,,,pdfs/Spring record book 2025.pdf,27; 28,2026-08-24T17:37:40Z,regex
Softball,NORTH CAROLINE,1988; 1991; 2001; 2003; 2005; 2017,1999,1986; 1987; 1990; 2004,,,,pdfs/Spring record book 2025.pdf,27; 28,2026-08-24T17:37:40Z,regex
Softball,NORTH CARROLL,1978; 1979; 1981; 1986; 1990; 1991,1995; 1997; 1999; 2002; 2009; 2010,1989; 1992; 1993; 2001; 2003; 2011,,,,pdfs/Spring record book 2025.pdf,27; 28,2026-08-24T17:37:40Z,regex
Softball,NORTH COUNTY,2000; 2002; 2003; 2005,2021,,,,,pdfs/Spring record book 2025.pdf,27; 28,2026-08-24T17:37:40Z,regex
Softball,NORTH DORCHESTER,2023,,,,,,pdfs/Spring record book 2025.pdf,27; 28,2026-08-24T17:37:40Z,regex
Softball,NORTH EAST (Cecil),1983; 1993,1979; 1988; 1989; 1990,1987; 1996; 1997; 1998; 1999; 2002; 2016,,,,pdfs/Spring record book 2025.pdf,27; 28,2026-08-24T17:37:40Z,regex
Softball,NORTH POINT,,,2007,,,,pdfs/Spring record book 2025.pdf,27; 28,2026-08-24T17:37:40Z,regex
Softball,NORTHEAST (AA),1982; 1984; 1986; 1988; 1989; 1990; 1991; 1997,1987; 1996; 2001; 2007,1985; 2000; 2016; 2017; 2023; 2025,,,,pdfs/Spring record book 2025.pdf,27; 28,2026-08-24T17:37:40Z,regex
Softball,NORTHERN (Cal.),1994; 1995; 1996; 2001; 2008; 2009; 2010; 2011; 2012; 2013; 2014; 2015,1993,1990; 2021,,,,pdfs/Spring record book 2025.pdf,27; 28,2026-08-24T17:37:40Z,regex
Softball,NORTHWEST,2017,2015; 2018,2013; 2021; 2025,,,,pdfs/Spring record book 2025.pdf,27; 28,2026-08-24T17:37:40Z,regex
Softball,NORTHWESTERN (PG),,,1987,,,,pdfs/Spring record book 2025.pdf,27; 28,2026-08-24T17:37:40Z,regex
Softball,OVERLEA,1981,,1982; 1986,,,,pdfs/Spring record book 2025.pdf,27; 28,2026-08-24T17:37:40Z,regex
Softball,OWINGS MILLS,,1994,1992; 1993; 1995,,,,pdfs/Spring record book 2025.pdf,27; 28,2026-08-24T17:37:40Z,regex
Softball,OXON HILL,,1989,1978; 1991,,,,pdfs/Spring record book 2025.pdf,27; 28,2026-08-24T17:37:40Z,regex
Softball,PAINT BRANCH,1987,,1985,,,,pdfs/Spring record book 2025.pdf,27; 28,2026-08-24T17:37:40Z,regex
Softball,PARKDALE,,1980,1996,,,,pdfs/Spring record book 2025.pdf,27; 28,2026-08-24T17:37:40Z,regex
Softball,PARKSIDE,1980; 1982; 1995,,1979; 1998,,,,pdfs/Spring record book 2025.pdf,27; 28,2026-08-24T17:37:40Z,regex
Softball,PARKVILLE,,,2000,,,,pdfs/Spring record book 2025.pdf,27; 28,2026-08-24T17:37:40Z,regex
Softball,PATTERSON MILL,2021,2022,2023,,,,pdfs/Spring record book 2025.pdf,27; 28,2026-08-24T17:37:40Z,regex
Softball,PATUXENT,,,2013; 2015,,,,pdfs/Spring record book 2025.pdf,27; 28,2026-08-24T17:37:40Z,regex
Softball,ROBERT E. PEARY,,1976,,,,,pdfs/Spring record book 2025.pdf,27; 28,2026-08-24T17:37:40Z,regex
Softball,PERRY HALL,1979,1978; 1994,1980; 1983; 1989; 1995; 1996; 1997; 1999; 2002; 2003; 2024,,,,pdfs/Spring record book 2025.pdf,27; 28,2026-08-24T17:37:40Z,regex
Softball,PERRYVILLE,2016,2010,1999; 2004; 2005; 2012,,,,pdfs/Spring record book 2025.pdf,27; 28,2026-08-24T17:37:40Z,regex
Softball,PIKESVILLE,,,2009; 2016; 2017,,,,pdfs/Spring record book 2025.pdf,27; 28,2026-08-24T17:37:40Z,regex
Softball,POCOMOKE,2009,,1983; 1988; 1990; 1992,,,,pdfs/Spring record book 2025.pdf,27; 28,2026-08-24T17:37:40Z,regex
Softball,QUEEN ANNE'S,2021,2019,,,,,pdfs/Spring record book 2025.pdf,27; 28,2026-08-24T17:37:40Z,regex
Softball,QUINCE ORCHARD,,,1993,,,,pdfs/Spring record book 2025.pdf,27; 28,2026-08-24T17:37:40Z,regex
Softball,RANDALLSTOWN,,1985,1984,,,,pdfs/Spring record book 2025.pdf,27; 28,2026-08-24T17:37:40Z,regex
Softball,RESERVOIR,,2021; 2023,2012; 2018,,,,pdfs/Spring record book 2025.pdf,27; 28,2026-08-24T17:37:40Z,regex
Softball,COLONEL RICHARDSON,1993; 1996,2006; 2007; 2008; 2013,1982; 2001; 2011; 2015,,,,pdfs/Spring record book 2025.pdf,27; 28,2026-08-24T17:37:40Z,regex
Softball,RISING SUN,1983; 1984; 1997; 1998; 2000; 2003; 2023; 2024,1989; 2022,1985; 2012; 2018,,,,pdfs/Spring record book 2025.pdf,27; 28,2026-08-24T17:37:40Z,regex
Softball,RIVER HILL,,,2013; 2015,,,,pdfs/Spring record book 2025.pdf,27; 28,2026-08-24T17:37:40Z,regex
Softball,ROCKVILLE,,1979; 1982; 1983,,,,,pdfs/Spring record book 2025.pdf,27; 28,2026-08-24T17:37:40Z,regex
Softball,ELEANOR ROOSEVELT,1985,1987; 1995; 1998; 2000; 2001; 2002; 2024,1984; 1986; 1990; 1994; 2004; 2007; 2008; 2013; 2015; 2016; 2017; 2025,,,,pdfs/Spring record book 2025.pdf,27; 28,2026-08-24T17:37:40Z,regex
Softball,ST. MICHAELS,,2003,1998; 1999; 2000; 2002,,,,pdfs/Spring record book 2025.pdf,27; 28,2026-08-24T17:37:40Z,regex
Softball,SENECA VALLEY,,1990; 1992,1995,,,,pdfs/Spring record book 2025.pdf,27; 28,2026-08-24T17:37:40Z,regex
Softball,SEVERNA PARK,1987; 2003; 2018,1999; 2004; 2006; 2022,2002,,,,pdfs/Spring record book 2025.pdf,27; 28,2026-08-24T17:37:40Z,regex
Softball,SHERWOOD,2012; 2013; 2014; 2015; 2016; 2019; 2022; 2024,2008; 2010; 2017; 2025,1984; 2007; 2009; 2021,,,,pdfs/Spring record book 2025.pdf,27; 28,2026-08-24T17:37:40Z,regex
Softball,SMITHSBURG,1987,1985; 1988,1984; 1989,,,,pdfs/Spring record book 2025.pdf,27; 28,2026-08-24T17:37:40Z,regex
Softball,SOUTH CARROLL,,2017,2014; 2021; 2022,,,,pdfs/Spring record book 2025.pdf,27; 28,2026-08-24T17:37:40Z,regex
Softball,SOUTH HAGERSTOWN,,1998,,,,,pdfs/Spring record book 2025.pdf,27; 28,2026-08-24T17:37:40Z,regex
Softball,SOUTH RIVER,,1984; 1986,1988; 1994; 2022,,,,pdfs/Spring record book 2025.pdf,27; 28,2026-08-24T17:37:40Z,regex
Softball,SOUTHERN (AA),,,2017,,,,pdfs/Spring record book 2025.pdf,27; 28,2026-08-24T17:37:40Z,regex
Softball,SOUTHERN (G),2001; 2002,2000,,,,,pdfs/Spring record book 2025.pdf,27; 28,2026-08-24T17:37:40Z,regex
Softball,SPARROWS POINT,,1984; 2014; 2015; 2019,1985; 1988; 2018,,,,pdfs/Spring record book 2025.pdf,27; 28,2026-08-24T17:37:40Z,regex
Softball,SPRINGBROOK,1982,1988; 1997,1981; 1986; 1989; 1990; 1991; 1992; 2000,,,,pdfs/Spring record book 2025.pdf,27; 28,2026-08-24T17:37:40Z,regex
Softball,THOMAS STONE,2000; 2002,1986,1999,,,,pdfs/Spring record book 2025.pdf,27; 28,2026-08-24T17:37:40Z,regex
Softball,SURRATTSVILLE,1980; 1981; 1983; 1988,,1982; 1986; 1990; 2011,,,,pdfs/Spring record book 2025.pdf,27; 28,2026-08-24T17:37:40Z,regex
Softball,TOWSON,,,1993,,,,pdfs/Spring record book 2025.pdf,27; 28,2026-08-24T17:37:40Z,regex
Softball,TUSCARORA,,,2005; 2006,,,,pdfs/Spring record book 2025.pdf,27; 28,2026-08-24T17:37:40Z,regex
Softball,URBANA,2011; 2023,,2000; 2009; 2010,,,,pdfs/Spring record book 2025.pdf,27; 28,2026-08-24T17:37:40Z,regex
Softball,WALKERSVILLE,1996; 1999,1998,2001; 2009; 2018; 2022,,,,pdfs/Spring record book 2025.pdf,27; 28,2026-08-24T17:37:40Z,regex
Softball,WASHINGTON,1985,,1984; 1995,,,,pdfs/Spring record book 2025.pdf,27; 28,2026-08-24T17:37:40Z,regex
Softball,WATKINS MILL,,1996,1995; 1998; 2003; 2004,,,,pdfs/Spring record book 2025.pdf,27; 28,2026-08-24T17:37:40Z,regex
Softball,WESTERN STES,,,2005; 2008,,,,pdfs/Spring record book 2025.pdf,27; 28,2026-08-24T17:37:40Z,regex
Softball,WESTMINSTER,2001; 2004; 2016,1984; 2018,1988; 2005,,,,pdfs/Spring record book 2025.pdf,27; 28,2026-08-24T17:37:40Z,regex
Softball,WHEATON,,1979,1978,,,,pdfs/Spring record book 2025.pdf,27; 28,2026-08-24T17:37:40Z,regex
Softball,WALT WHITMAN,,,2019,,,,pdfs/Spring record book 2025.pdf,27; 28,2026-08-24T17:37:40Z,regex
Softball,WILLIAMSPORT,2007,,1978; 1980,,,,pdfs/Spring record book 2025.pdf,27; 28,2026-08-24T17:37:40Z,regex
Softball,WOODLAWN,,,1977,,,,pdfs/Spring record book 2025.pdf,27; 28,2026-08-24T17:37:40Z,regex
Softball,C. MILTON WRIGHT,1981; 1982; 1984; 1985; 2006; 2017,2005; 2010; 2015,,,,,pdfs/Spring record book 2025.pdf,27; 28,2026-08-24T17:37:40Z,regex
Girls Track and Field,ALLEGANY,,2024,,,,,pdfs/Spring record book 2025.pdf,39; 40,2026-08-24T17:37:40Z,regex
Girls Track and Field,ANNAPOLIS,,1979; 2008,,,,,pdfs/Spring record book 2025.pdf,39; 40,2026-08-24T17:37:40Z,regex
Girls Track and Field,ATHOLTON,2001; 2005,1982,,,,,pdfs/Spring record book 2025.pdf,39; 40,2026-08-24T17:37:40Z,regex
Girls Track and Field,ARUNDEL,2024,,,,,,pdfs/Spring record book 2025.pdf,39; 40,2026-08-24T17:37:40Z,regex
Girls Track and Field,JAMES M. BENNETT,2004,,,,,,pdfs/Spring record book 2025.pdf,39; 40,2026-08-24T17:37:40Z,regex
Girls Track and Field,BETHESDA-CHEVY CHASE,1980; 2003,1978; 1981,,,,,pdfs/Spring record book 2025.pdf,39; 40,2026-08-24T17:37:40Z,regex
Girls Track and Field,BLADENSBURG,1980; 1981; 1990; 1991,1977,,,,,pdfs/Spring record book 2025.pdf,39; 40,2026-08-24T17:37:40Z,regex
Girls Track and Field,JAMES H. BLAKE,,2015; 2022,,,,,pdfs/Spring record book 2025.pdf,39; 40,2026-08-24T17:37:40Z,regex
Girls Track and Field,BOONSBORO,1984; 1985; 1986; 1988; 1990; 2004; 2005; 2011; 2012; 2013; 2016; 2017,1987; 1989; 1993; 2001; 2014,,,,,pdfs/Spring record book 2025.pdf,39; 40,2026-08-24T17:37:40Z,regex
Girls Track and Field,BOWIE,2012; 2013,,,,,,pdfs/Spring record book 2025.pdf,39; 40,2026-08-24T17:37:40Z,regex
Girls Track and Field,BRUNSWICK,1983,1980; 2005; 2021,,,,,pdfs/Spring record book 2025.pdf,39; 40,2026-08-24T17:37:40Z,regex
Girls Track and Field,CATOCTIN,,1996; 1997,,,,,pdfs/Spring record book 2025.pdf,39; 40,2026-08-24T17:37:40Z,regex
Girls Track and Field,CATONSVILLE,,2009; 2011,,,,,pdfs/Spring record book 2025.pdf,39; 40,2026-08-24T17:37:40Z,regex
Girls Track and Field,CENTENNIAL,,1988,,,,,pdfs/Spring record book 2025.pdf,39; 40,2026-08-24T17:37:40Z,regex
Girls Track and Field,CENTRAL (PG),1977; 1981; 1982; 1983; 1984; 1985; 1986; 1987; 1988; 1989; 1990; 1991; 1992; 1994; 1995; 1997; 2006,1996; 1998; 1999; 2000,,,,,pdfs/Spring record book 2025.pdf,39; 40,2026-08-24T17:37:40Z,regex
Girls Track and Field,WINSTON CHURCHILL,,2006; 2007,,,,,pdfs/Spring record book 2025.pdf,39; 40,2026-08-24T17:37:40Z,regex
Girls Track and Field,CLARKSBURG,2015,2016,,,,,pdfs/Spring record book 2025.pdf,39; 40,2026-08-24T17:37:40Z,regex
Girls Track and Field,CROSSLAND,1977; 1979,1978; 1980; 1982,,,,,pdfs/Spring record book 2025.pdf,39; 40,2026-08-24T17:37:40Z,regex
Girls Track and Field,DAMASCUS,,1979; 1997,,,,,pdfs/Spring record book 2025.pdf,39; 40,2026-08-24T17:37:40Z,regex
Girls Track and Field,DIGITAL HARBOR,2007,2009; 2010,,,,,pdfs/Spring record book 2025.pdf,39; 40,2026-08-24T17:37:40Z,regex
Girls Track and Field,FREDERICK DOUGLASS (PG),1997; 1998; 1999,1986; 1988; 2019,,,,,pdfs/Spring record book 2025.pdf,39; 40,2026-08-24T17:37:40Z,regex
Girls Track and Field,DULANEY,,1981,,,,,pdfs/Spring record book 2025.pdf,39; 40,2026-08-24T17:37:40Z,regex
Girls Track and Field,DUVAL,1975,1982; 1983,,,,,pdfs/Spring record book 2025.pdf,39; 40,2026-08-24T17:37:40Z,regex
Girls Track and Field,EDMONDSON/WESTSIDE,,2004; 2005,,,,,pdfs/Spring record book 2025.pdf,39; 40,2026-08-24T17:37:40Z,regex
Girls Track and Field,ALBERT EINSTEIN,,1984; 1987; 1988,,,,,pdfs/Spring record book 2025.pdf,39; 40,2026-08-24T17:37:40Z,regex
Girls Track and Field,FAIRMONT HEIGHTS,1979; 1994; 1995,1980,,,,,pdfs/Spring record book 2025.pdf,39; 40,2026-08-24T17:37:40Z,regex
Girls Track and Field,FALLSTON,,1986,,,,,pdfs/Spring record book 2025.pdf,39; 40,2026-08-24T17:37:40Z,regex
Girls Track and Field,CHARLES H. FLOWERS,2010; 2016; 2017,2004; 2009; 2023,,,,,pdfs/Spring record book 2025.pdf,39; 40,2026-08-24T17:37:40Z,regex
Girls Track and Field,FRANKLIN,,2018; 2021,,,,,pdfs/Spring record book 2025.pdf,39; 40,2026-08-24T17:37:40Z,regex
Girls Track and Field,FREDERICK,1979; 1980; 1981; 1982; 1983; 1996; 2017; 2018,1978; 1994; 1995; 2019,,,,,pdfs/Spring record book 2025.pdf,39; 40,2026-08-24T17:37:40Z,regex
Girls Track and Field,FRIENDLY,,2018; 2023,,,,,pdfs/Spring record book 2025.pdf,39; 40,2026-08-24T17:37:40Z,regex
Girls Track and Field,GLENELG,1993; 2002,1994; 2003,,,,,pdfs/Spring record book 2025.pdf,39; 40,2026-08-24T17:37:40Z,regex
Girls Track and Field,GREAT MILLS,,1989,,,,,pdfs/Spring record book 2025.pdf,39; 40,2026-08-24T17:37:40Z,regex
Girls Track and Field,HAMMOND,,1991,,,,,pdfs/Spring record book 2025.pdf,39; 40,2026-08-24T17:37:40Z,regex
Girls Track and Field,HARFORD TECHNICAL,2018; 2025,2010; 2011; 2019,,,,,pdfs/Spring record book 2025.pdf,39; 40,2026-08-24T17:37:40Z,regex
Girls Track and Field,HEREFORD,2019; 2021; 2024,2007; 2012; 2016; 2017; 2022,,,,,pdfs/Spring record book 2025.pdf,39; 40,2026-08-24T17:37:40Z,regex
Girls Track and Field,HOWARD,1992; 1995; 2021; 2022,1996; 1997; 2013; 2025,,,,,pdfs/Spring record book 2025.pdf,39; 40,2026-08-24T17:37:40Z,regex
Girls Track and Field,HUNTINGTOWN,2011; 2014,,,,,,pdfs/Spring record book 2025.pdf,39; 40,2026-08-24T17:37:40Z,regex
Girls Track and Field,GOV. THOMAS JOHNSON,2012,2011,,,,,pdfs/Spring record book 2025.pdf,39; 40,2026-08-24T17:37:40Z,regex
Girls Track and Field,WALTER JOHNSON,1993; 2003,1994; 1999; 2000; 2001; 2002,,,,,pdfs/Spring record book 2025.pdf,39; 40,2026-08-24T17:37:40Z,regex
Girls Track and Field,FRANCIS SCOTT KEY,1987; 1989,1985; 1986; 1990; 1992; 1994,,,,,pdfs/Spring record book 2025.pdf,39; 40,2026-08-24T17:37:40Z,regex
Girls Track and Field,HENRY E. LACKEY,2016; 2017; 2018,,,,,,pdfs/Spring record book 2025.pdf,39; 40,2026-08-24T17:37:40Z,regex
Girls Track and Field,LARGO,1976; 1996; 2001; 2004; 2006; 2007; 2019,1975; 1977; 1997; 2000; 2002; 2005; 2012; 2022; 2024,,,,,pdfs/Spring record book 2025.pdf,39; 40,2026-08-24T17:37:40Z,regex
Girls Track and Field,LEONARDTOWN,,1979; 1985; 1990,,,,,pdfs/Spring record book 2025.pdf,39; 40,2026-08-24T17:37:40Z,regex
Girls Track and Field,LIBERTY,2011; 2012,,,,,,pdfs/Spring record book 2025.pdf,39; 40,2026-08-24T17:37:40Z,regex
Girls Track and Field,LINGANORE,1980; 1981; 1988; 1989; 1994,1991; 1995; 2022,,,,,pdfs/Spring record book 2025.pdf,39; 40,2026-08-24T17:37:40Z,regex
Girls Track and Field,LONG REACH,1998; 1999; 2000; 2001; 2002,2003; 2005,,,,,pdfs/Spring record book 2025.pdf,39; 40,2026-08-24T17:37:40Z,regex
Girls Track and Field,MANCHESTER VALLEY,2014,2015,,,,,pdfs/Spring record book 2025.pdf,39; 40,2026-08-24T17:37:40Z,regex
Girls Track and Field,MAGRUDER,2014,,,,,,pdfs/Spring record book 2025.pdf,39; 40,2026-08-24T17:37:40Z,regex
Girls Track and Field,MAURICE J. MCDONOUGH,1986; 1987; 1993,1984; 1985; 1992; 2006,,,,,pdfs/Spring record book 2025.pdf,39; 40,2026-08-24T17:37:40Z,regex
Girls Track and Field,MEADE,,1977,,,,,pdfs/Spring record book 2025.pdf,39; 40,2026-08-24T17:37:40Z,regex
Girls Track and Field,MIDDLETOWN,2000; 2007; 2008,1982; 1983; 1984; 1990; 2001,,,,,pdfs/Spring record book 2025.pdf,39; 40,2026-08-24T17:37:40Z,regex
Girls Track and Field,MILFORD MILL,1991; 2015,1987; 1988; 2014,,,,,pdfs/Spring record book 2025.pdf,39; 40,2026-08-24T17:37:40Z,regex
Girls Track and Field,MOUNT HEBRON,,2007; 2019,,,,,pdfs/Spring record book 2025.pdf,39; 40,2026-08-24T17:37:40Z,regex
Girls Track and Field,NEW TOWN,,2006,,,,,pdfs/Spring record book 2025.pdf,39; 40,2026-08-24T17:37:40Z,regex
Girls Track and Field,NORTH CAROLINE,1982,1981,,,,,pdfs/Spring record book 2025.pdf,39; 40,2026-08-24T17:37:40Z,regex
Girls Track and Field,NORTH CARROLL,1984; 1985,1987,,,,,pdfs/Spring record book 2025.pdf,39; 40,2026-08-24T17:37:40Z,regex
Girls Track and Field,NORTH HAGERSTOWN,2010,1992; 2011,,,,,pdfs/Spring record book 2025.pdf,39; 40,2026-08-24T17:37:40Z,regex
Girls Track and Field,NORTH HARFORD,,2021,,,,,pdfs/Spring record book 2025.pdf,39; 40,2026-08-24T17:37:40Z,regex
Girls Track and Field,NORTH POINT,2009,,,,,,pdfs/Spring record book 2025.pdf,39; 40,2026-08-24T17:37:40Z,regex
Girls Track and Field,NORTHERN (Cal.),2019,1981; 1998; 2023,,,,,pdfs/Spring record book 2025.pdf,39; 40,2026-08-24T17:37:40Z,regex
Girls Track and Field,NORTHWEST,2011; 2018,2010; 2012; 2017; 2019,,,,,pdfs/Spring record book 2025.pdf,39; 40,2026-08-24T17:37:40Z,regex
Girls Track and Field,NORTHWOOD,,2010,,,,,pdfs/Spring record book 2025.pdf,39; 40,2026-08-24T17:37:40Z,regex
Girls Track and Field,OAKDALE,2013; 2014; 2015,,,,,,pdfs/Spring record book 2025.pdf,39; 40,2026-08-24T17:37:40Z,regex
Girls Track and Field,OAKLAND MILLS,1978; 2022; 2023; 2025,,,,,,pdfs/Spring record book 2025.pdf,39; 40,2026-08-24T17:37:40Z,regex
Girls Track and Field,OLD MILL,1977; 1984; 1986; 1987; 1988; 1989,1976; 1990; 1992; 1993,,,,,pdfs/Spring record book 2025.pdf,39; 40,2026-08-24T17:37:40Z,regex
Girls Track and Field,OXON HILL,,1983; 1986,,,,,pdfs/Spring record book 2025.pdf,39; 40,2026-08-24T17:37:40Z,regex
Girls Track and Field,PAINT BRANCH,,1989,,,,,pdfs/Spring record book 2025.pdf,39; 40,2026-08-24T17:37:40Z,regex
Girls Track and Field,PERRYVILLE,,2014; 2016,,,,,pdfs/Spring record book 2025.pdf,39; 40,2026-08-24T17:37:40Z,regex
Girls Track and Field,BALTIMORE POLYTECHNIC INSTITUTE,,2009; 2016,,,,,pdfs/Spring record book 2025.pdf,39; 40,2026-08-24T17:37:40Z,regex
Girls Track and Field,POOLESVILLE,2003,2002; 2007,,,,,pdfs/Spring record book 2025.pdf,39; 40,2026-08-24T17:37:40Z,regex
Girls Track and Field,COLONEL RICHARDSON,,1978,,,,,pdfs/Spring record book 2025.pdf,39; 40,2026-08-24T17:37:40Z,regex
Girls Track and Field,RIVER HILL,2023,2008; 2009; 2018,,,,,pdfs/Spring record book 2025.pdf,39; 40,2026-08-24T17:37:40Z,regex
Girls Track and Field,ELEANOR ROOSEVELT,1978; 1990; 1991; 1992; 1993; 1994; 1995; 1997; 1998; 1999; 2000; 2003; 2005; 2007; 2008,1979; 1989; 1996; 2001,,,,,pdfs/Spring record book 2025.pdf,39; 40,2026-08-24T17:37:40Z,regex
Girls Track and Field,SHERWOOD,,1980,,,,,pdfs/Spring record book 2025.pdf,39; 40,2026-08-24T17:37:40Z,regex
Girls Track and Field,SEVERNA PARK,1978,,,,,,pdfs/Spring record book 2025.pdf,39; 40,2026-08-24T17:37:40Z,regex
Girls Track and Field,SMITHSBURG,1977; 1978; 1979; 1992; 1993; 1996; 1997; 1998; 1999; 2000; 2001; 2002; 2003; 2010; 2015; 2024; 2025,1991; 2004; 2017; 2023,,,,,pdfs/Spring record book 2025.pdf,39; 40,2026-08-24T17:37:40Z,regex
Girls Track and Field,SOUTHERN (G),,1999,,,,,pdfs/Spring record book 2025.pdf,39; 40,2026-08-24T17:37:40Z,regex
Girls Track and Field,SPRINGBROOK,,1976,,,,,pdfs/Spring record book 2025.pdf,39; 40,2026-08-24T17:37:40Z,regex
Girls Track and Field,THOMAS STONE,2013,,,,,,pdfs/Spring record book 2025.pdf,39; 40,2026-08-24T17:37:40Z,regex
Girls Track and Field,SUITLAND,1976; 1982; 1983,1984; 1985,,,,,pdfs/Spring record book 2025.pdf,39; 40,2026-08-24T17:37:40Z,regex
Girls Track and Field,SURRATTSVILLE,,1993; 1995,,,,,pdfs/Spring record book 2025.pdf,39; 40,2026-08-24T17:37:40Z,regex
Girls Track and Field,URBANA,2016; 2019; 2022; 2023; 2025,2015; 2017; 2021; 2024,,,,,pdfs/Spring record book 2025.pdf,39; 40,2026-08-24T17:37:40Z,regex
Girls Track and Field,WESTERN-B,2002; 2005; 2006; 2009; 2010,1998; 1999; 2003; 2004,,,,,pdfs/Spring record book 2025.pdf,39; 40,2026-08-24T17:37:40Z,regex
Girls Track and Field,WESTERN STES,2021; 2022; 2023,2008; 2012; 2013; 2025,,,,,pdfs/Spring record book 2025.pdf,39; 40,2026-08-24T17:37:40Z,regex
Girls Track and Field,WESTLAKE,2004; 2008; 2021,2006,,,,,pdfs/Spring record book 2025.pdf,39; 40,2026-08-24T17:37:40Z,regex
Girls Track and Field,WESTMINSTER,1985,,,,,,pdfs/Spring record book 2025.pdf,39; 40,2026-08-24T17:37:40Z,regex
Girls Track and Field,WALT WHITMAN,,1991,,,,,pdfs/Spring record book 2025.pdf,39; 40,2026-08-24T17:37:40Z,regex
Girls Track and Field,WILDE LAKE,,1995,,,,,pdfs/Spring record book 2025.pdf,39; 40,2026-08-24T17:37:40Z,regex
Girls Track and Field,WILLIAMSPORT,2014,2018,,,,,pdfs/Spring record book 2025.pdf,39; 40,2026-08-24T17:37:40Z,regex
Girls Track and Field,WOODLAWN,2024,2025,,,,,pdfs/Spring record book 2025.pdf,39; 40,2026-08-24T17:37:40Z,regex
Boys Track and Field,ABERDEEN,1957; 1958,1956; 1976,,,,,pdfs/Spring record book 2025.pdf,66; 67,2026-08-24T17:37:40Z,regex
Boys Track and Field,ALLEGANY,,1990; 2003,,,,,pdfs/Spring record book 2025.pdf,66; 67,2026-08-24T17:37:40Z,regex
Boys Track and Field,ANNAPOLIS,,1983; 2002; 2004; 2009,,,,,pdfs/Spring record book 2025.pdf,66; 67,2026-08-24T17:37:40Z,regex
Boys Track and Field,ARUNDEL,1970; 1971; 1973,1958,,,,,pdfs/Spring record book 2025.pdf,66; 67,2026-08-24T17:37:40Z,regex
Boys Track and Field,ATHOLTON,1996; 1997,1995,,,,,pdfs/Spring record book 2025.pdf,66; 67,2026-08-24T17:37:40Z,regex
Boys Track and Field,BEALL,1975,2005,,,,,pdfs/Spring record book 2025.pdf,66; 67,2026-08-24T17:37:40Z,regex
Boys Track and Field,BEL AIR,1961; 1967; 1968,1962; 1966,,,,,pdfs/Spring record book 2025.pdf,66; 67,2026-08-24T17:37:40Z,regex
Boys Track and Field,JAMES M. BENNETT,1979; 1983; 1984,1972; 1978; 1982,,,,,pdfs/Spring record book 2025.pdf,66; 67,2026-08-24T17:37:40Z,regex
Boys Track and Field,BETHESDA-CHEVY CHASE,1959,1955; 1956; 1957; 1963,,,,,pdfs/Spring record book 2025.pdf,66; 67,2026-08-24T17:37:40Z,regex
Boys Track and Field,BLADENSBURG,,1979; 1984,,,,,pdfs/Spring record book 2025.pdf,66; 67,2026-08-24T17:37:40Z,regex
Boys Track and Field,MONTGOMERY BLAIR,1955; 1956; 1960; 1961,1952; 1953; 1954; 1980,,,,,pdfs/Spring record book 2025.pdf,66; 67,2026-08-24T17:37:40Z,regex
Boys Track and Field,BOONSBORO,2017,1988; 1991; 1993; 1995; 2001; 2013; 2018,,,,,pdfs/Spring record book 2025.pdf,66; 67,2026-08-24T17:37:40Z,regex
Boys Track and Field,BOWIE,2014; 2015; 2023,1972; 1987,,,,,pdfs/Spring record book 2025.pdf,66; 67,2026-08-24T17:37:40Z,regex
Boys Track and Field,BROADNECK,1995,,,,,,pdfs/Spring record book 2025.pdf,66; 67,2026-08-24T17:37:40Z,regex
Boys Track and Field,BRUNSWICK,,1952; 1953; 1954; 1955; 2006; 2012,,,,,pdfs/Spring record book 2025.pdf,66; 67,2026-08-24T17:37:40Z,regex
Boys Track and Field,CALVERT,1972; 1979; 1982,1978,,,,,pdfs/Spring record book 2025.pdf,66; 67,2026-08-24T17:37:40Z,regex
Boys Track and Field,CAMBRIDGE,1962,,,,,,pdfs/Spring record book 2025.pdf,66; 67,2026-08-24T17:37:40Z,regex
Boys Track and Field,CAMBRIDGE-SOUTH DORCHESTER,2024,,,,,,pdfs/Spring record book 2025.pdf,66; 67,2026-08-24T17:37:40Z,regex
Boys Track and Field,CARVER (B),2010; 2011,1996,,,,,pdfs/Spring record book 2025.pdf,66; 67,2026-08-24T17:37:40Z,regex
Boys Track and Field,CATOCTIN,2022; 2023,2011; 2024,,,,,pdfs/Spring record book 2025.pdf,66; 67,2026-08-24T17:37:40Z,regex
Boys Track and Field,CENTURY,2013; 2015; 2017,2011; 2014; 2016; 2019,,,,,pdfs/Spring record book 2025.pdf,66; 67,2026-08-24T17:37:40Z,regex
Boys Track and Field,CENTRAL CONSOLIDATED (Harf.),1962; 1963; 1965,1961,,,,,pdfs/Spring record book 2025.pdf,66; 67,2026-08-24T17:37:40Z,regex
Boys Track and Field,CENTRAL (PG),1976; 1977; 1980; 1984; 1985; 1990,1970; 1978; 1979; 1999,,,,,pdfs/Spring record book 2025.pdf,66; 67,2026-08-24T17:37:40Z,regex
Boys Track and Field,CENTREVILLE,1953; 1954; 1957,1956; 1959,,,,,pdfs/Spring record book 2025.pdf,66; 67,2026-08-24T17:37:40Z,regex
Boys Track and Field,CHESAPEAKE (AA),1987,,,,,,pdfs/Spring record book 2025.pdf,66; 67,2026-08-24T17:37:40Z,regex
Boys Track and Field,CHESTERTOWN,,1968,,,,,pdfs/Spring record book 2025.pdf,66; 67,2026-08-24T17:37:40Z,regex
Boys Track and Field,CHOPTICON,,1969; 1987,,,,,pdfs/Spring record book 2025.pdf,66; 67,2026-08-24T17:37:40Z,regex
Boys Track and Field,WINSTON CHURCHILL,1976,1967,,,,,pdfs/Spring record book 2025.pdf,66; 67,2026-08-24T17:37:40Z,regex
Boys Track and Field,CLARKSBURG,2009,2013,,,,,pdfs/Spring record book 2025.pdf,66; 67,2026-08-24T17:37:40Z,regex
Boys Track and Field,CROFTON,,2025,,,,,pdfs/Spring record book 2025.pdf,66; 67,2026-08-24T17:37:40Z,regex
Boys Track and Field,CROSSLAND,1966; 1974,1969; 1973; 1975; 1977; 1978; 1982; 1990,,,,,pdfs/Spring record book 2025.pdf,66; 67,2026-08-24T17:37:40Z,regex
Boys Track and Field,DAMASCUS,,1959,,,,,pdfs/Spring record book 2025.pdf,66; 67,2026-08-24T17:37:40Z,regex
Boys Track and Field,STEPHEN DECATUR,1986,1984; 1985; 2000,,,,,pdfs/Spring record book 2025.pdf,66; 67,2026-08-24T17:37:40Z,regex
Boys Track and Field,DIGITAL HARBOR,2005; 2024,2007; 2008; 2017,,,,,pdfs/Spring record book 2025.pdf,66; 67,2026-08-24T17:37:40Z,regex
Boys Track and Field,DOUGLASS (PG),1971; 2012; 2014,1980; 1981; 1983; 2015,,,,,pdfs/Spring record book 2025.pdf,66; 67,2026-08-24T17:37:40Z,regex
Boys Track and Field,DULANEY,1969,1970; 2018; 2019,,,,,pdfs/Spring record book 2025.pdf,66; 67,2026-08-24T17:37:40Z,regex
Boys Track and Field,PAUL LAURENCE DUNBAR,2021,,,,,,pdfs/Spring record book 2025.pdf,66; 67,2026-08-24T17:37:40Z,regex
Boys Track and Field,DUVAL,1975,1964; 1971; 1982; 2011,,,,,pdfs/Spring record book 2025.pdf,66; 67,2026-08-24T17:37:40Z,regex
Boys Track and Field,EASTON,1952,1986,,,,,pdfs/Spring record book 2025.pdf,66; 67,2026-08-24T17:37:40Z,regex
Boys Track and Field,ALBERT EINSTEIN,1981,,,,,,pdfs/Spring record book 2025.pdf,66; 67,2026-08-24T17:37:40Z,regex
Boys Track and Field,ELKTON,1955,,,,,,pdfs/Spring record book 2025.pdf,66; 67,2026-08-24T17:37:40Z,regex
Boys Track and Field,FAIRMONT HEIGHTS,1962; 1963; 1969; 1970; 1971; 1972; 1974; 1975; 1977; 1978; 1979; 2016,1965; 1966; 1968; 1980; 1981; 2017,,,,,pdfs/Spring record book 2025.pdf,66; 67,2026-08-24T17:37:40Z,regex
Boys Track and Field,CHARLES H. FLOWERS,,2006; 2015; 2016,,,,,pdfs/Spring record book 2025.pdf,66; 67,2026-08-24T17:37:40Z,regex
Boys Track and Field,FORESTVILLE,1991; 1994; 1995,1986,,,,,pdfs/Spring record book 2025.pdf,66; 67,2026-08-24T17:37:40Z,regex
Boys Track and Field,FORT HILL,1952; 1954; 1964; 1998; 2005; 2015,1961; 1963,,,,,pdfs/Spring record book 2025.pdf,66; 67,2026-08-24T17:37:40Z,regex
Boys Track and Field,FREDERICK,1962; 1967; 1968; 1969; 1970; 1986,2023,,,,,pdfs/Spring record book 2025.pdf,66; 67,2026-08-24T17:37:40Z,regex
Boys Track and Field,FRIENDLY,1974,1973; 1975; 1977; 1985,,,,,pdfs/Spring record book 2025.pdf,66; 67,2026-08-24T17:37:40Z,regex
Boys Track and Field,GAITHERSBURG,1965; 1966; 1986; 1998; 2000; 2002,1969; 1989; 1995; 2001; 2007; 2009,,,,,pdfs/Spring record book 2025.pdf,66; 67,2026-08-24T17:37:40Z,regex
Boys Track and Field,GARNETT,1966,1967,,,,,pdfs/Spring record book 2025.pdf,66; 67,2026-08-24T17:37:40Z,regex
Boys Track and Field,GLENELG,,1985; 1988; 1990; 1992; 2005; 2021; 2023,,,,,pdfs/Spring record book 2025.pdf,66; 67,2026-08-24T17:37:40Z,regex
Boys Track and Field,GWYNN PARK,2002,1970; 1976; 1977,,,,,pdfs/Spring record book 2025.pdf,66; 67,2026-08-24T17:37:40Z,regex
Boys Track and Field,HAMMOND,,1991; 2022,,,,,pdfs/Spring record book 2025.pdf,66; 67,2026-08-24T17:37:40Z,regex
Boys Track and Field,HAMPSTEAD,,1952,,,,,pdfs/Spring record book 2025.pdf,66; 67,2026-08-24T17:37:40Z,regex
Boys Track and Field,HARFORD TECHNICAL,,2024; 2025,,,,,pdfs/Spring record book 2025.pdf,66; 67,2026-08-24T17:37:40Z,regex
Boys Track and Field,HAVRE DE GRACE,1981; 1982; 1983,1962; 1974,,,,,pdfs/Spring record book 2025.pdf,66; 67,2026-08-24T17:37:40Z,regex
Boys Track and Field,HAVRE DE GRACE CONSOLIDATED,1960; 1961; 1963,1962; 1964; 1965,,,,,pdfs/Spring record book 2025.pdf,66; 67,2026-08-24T17:37:40Z,regex
Boys Track and Field,HEREFORD,,1972; 1975; 1979; 2013,,,,,pdfs/Spring record book 2025.pdf,66; 67,2026-08-24T17:37:40Z,regex
Boys Track and Field,HIGH POINT,,1998,,,,,pdfs/Spring record book 2025.pdf,66; 67,2026-08-24T17:37:40Z,regex
Boys Track and Field,HOWARD,1985; 2006; 2007,1989; 2021,,,,,pdfs/Spring record book 2025.pdf,66; 67,2026-08-24T17:37:40Z,regex
Boys Track and Field,HUNTINGTOWN,2019,2022,,,,,pdfs/Spring record book 2025.pdf,66; 67,2026-08-24T17:37:40Z,regex
Boys Track and Field,GOV. THOMAS JOHNSON,2000; 2009; 2010; 2011; 2023; 2024,1986; 1997; 2012,,,,,pdfs/Spring record book 2025.pdf,66; 67,2026-08-24T17:37:40Z,regex
Boys Track and Field,WALTER JOHNSON,2021,1958; 1961,,,,,pdfs/Spring record book 2025.pdf,66; 67,2026-08-24T17:37:40Z,regex
Boys Track and Field,JOHN F. KENNEDY,,1967,,,,,pdfs/Spring record book 2025.pdf,66; 67,2026-08-24T17:37:40Z,regex
Boys Track and Field,KENT ISLAND,,2006,,,,,pdfs/Spring record book 2025.pdf,66; 67,2026-08-24T17:37:40Z,regex
Boys Track and Field,KENWOOD,1964,,,,,,pdfs/Spring record book 2025.pdf,66; 67,2026-08-24T17:37:40Z,regex
Boys Track and Field,FRANCIS SCOTT KEY,1978; 1987; 1990; 1991; 1993; 1996; 1997,1971; 1980; 1981; 1983,,,,,pdfs/Spring record book 2025.pdf,66; 67,2026-08-24T17:37:40Z,regex
Boys Track and Field,LA PLATA,,1973; 1974; 1994,,,,,pdfs/Spring record book 2025.pdf,66; 67,2026-08-24T17:37:40Z,regex
Boys Track and Field,HENRY E. LACKEY,1987; 2019,,,,,,pdfs/Spring record book 2025.pdf,66; 67,2026-08-24T17:37:40Z,regex
Boys Track and Field,LARGO,1983; 1985; 2018,1986; 2019,,,,,pdfs/Spring record book 2025.pdf,66; 67,2026-08-24T17:37:40Z,regex
Boys Track and Field,LAUREL,1988,,,,,,pdfs/Spring record book 2025.pdf,66; 67,2026-08-24T17:37:40Z,regex
Boys Track and Field,LEONARDTOWN,,1983; 1990; 1991; 1992,,,,,pdfs/Spring record book 2025.pdf,66; 67,2026-08-24T17:37:40Z,regex
Boys Track and Field,LIBERTY,2025,,,,,,pdfs/Spring record book 2025.pdf,66; 67,2026-08-24T17:37:40Z,regex
Boys Track and Field,LINCOLN,,1960,,,,,pdfs/Spring record book 2025.pdf,66; 67,2026-08-24T17:37:40Z,regex
Boys Track and Field,LINGANORE,1993; 2011,1973,,,,,pdfs/Spring record book 2025.pdf,66; 67,2026-08-24T17:37:40Z,regex
Boys Track and Field,LOCH RAVEN,2003,2002,,,,,pdfs/Spring record book 2025.pdf,66; 67,2026-08-24T17:37:40Z,regex
Boys Track and Field,LONG REACH,2013; 2014,,,,,,pdfs/Spring record book 2025.pdf,66; 67,2026-08-24T17:37:40Z,regex
Boys Track and Field,MACE'S LANE,1966; 1967; 1968,1964; 1965,,,,,pdfs/Spring record book 2025.pdf,66; 67,2026-08-24T17:37:40Z,regex
Boys Track and Field,COL. ZADOK MAGRUDER,1973,1974; 1984,,,,,pdfs/Spring record book 2025.pdf,66; 67,2026-08-24T17:37:40Z,regex
Boys Track and Field,MCDONOUGH,1989; 1990,1979; 1988; 2021,,,,,pdfs/Spring record book 2025.pdf,66; 67,2026-08-24T17:37:40Z,regex
Boys Track and Field,MEADE,2007; 2008,1980; 1988,,,,,pdfs/Spring record book 2025.pdf,66; 67,2026-08-24T17:37:40Z,regex
Boys Track and Field,MERGENTHALER VO-TECH,1995; 1996; 1997; 2005,1993; 2003,,,,,pdfs/Spring record book 2025.pdf,66; 67,2026-08-24T17:37:40Z,regex
Boys Track and Field,MIDDLETOWN,1970; 1972; 1973; 1974; 1985; 1999; 2000; 2001; 2003,1966; 1971; 1975; 1976; 1977; 1982; 1993; 1997,,,,,pdfs/Spring record book 2025.pdf,66; 67,2026-08-24T17:37:40Z,regex
Boys Track and Field,MILFORD MILL,1988; 1989; 1992; 2021,1987; 1990,,,,,pdfs/Spring record book 2025.pdf,66; 67,2026-08-24T17:37:40Z,regex
Boys Track and Field,RICHARD MONTGOMERY,1997,1998,,,,,pdfs/Spring record book 2025.pdf,66; 67,2026-08-24T17:37:40Z,regex
Boys Track and Field,MOUNT HEBRON,2013,2015,,,,,pdfs/Spring record book 2025.pdf,66; 67,2026-08-24T17:37:40Z,regex
Boys Track and Field,MOUNTAIN RIDGE,,2022; 2023,,,,,pdfs/Spring record book 2025.pdf,66; 67,2026-08-24T17:37:40Z,regex
Boys Track and Field,NEW TOWN,,2018,,,,,pdfs/Spring record book 2025.pdf,66; 67,2026-08-24T17:37:40Z,regex
Boys Track and Field,NORTH CARROLL,1959,1957; 2014,,,,,pdfs/Spring record book 2025.pdf,66; 67,2026-08-24T17:37:40Z,regex
Boys Track and Field,NORTH DORCHESTER,,1968,,,,,pdfs/Spring record book 2025.pdf,66; 67,2026-08-24T17:37:40Z,regex
Boys Track and Field,NORTH POINT,2008,2009; 2010; 2021,,,,,pdfs/Spring record book 2025.pdf,66; 67,2026-08-24T17:37:40Z,regex
Boys Track and Field,NORTHERN (Cal.),1980; 1982; 1983; 2022,1984,,,,,pdfs/Spring record book 2025.pdf,66; 67,2026-08-24T17:37:40Z,regex
Boys Track and Field,NORTHWEST,2013; 2016; 2017; 2018,,,,,,pdfs/Spring record book 2025.pdf,66; 67,2026-08-24T17:37:40Z,regex
Boys Track and Field,NORTHWESTERN (B),,2015,,,,,pdfs/Spring record book 2025.pdf,66; 67,2026-08-24T17:37:40Z,regex
Boys Track and Field,NORTHWESTERN (PG),1957; 1958; 1999,,,,,,pdfs/Spring record book 2025.pdf,66; 67,2026-08-24T17:37:40Z,regex
Boys Track and Field,NORTHWOOD,1963; 1965,1959; 1960; 1962,,,,,pdfs/Spring record book 2025.pdf,66; 67,2026-08-24T17:37:40Z,regex
Boys Track and Field,OAKDALE,2018; 2019,2016; 2017,,,,,pdfs/Spring record book 2025.pdf,66; 67,2026-08-24T17:37:40Z,regex
Boys Track and Field,OAKLAND MILLS,1981; 1989; 1991; 1993; 1994; 1995; 1996; 1998; 2000; 2001; 2002; 2004; 2010; 2021; 2022; 2023; 2025,1999; 2024,,,,,pdfs/Spring record book 2025.pdf,66; 67,2026-08-24T17:37:40Z,regex
Boys Track and Field,OLD MILL,1977; 1978; 1982; 1984; 1989; 1991; 2004,,,,,,pdfs/Spring record book 2025.pdf,66; 67,2026-08-24T17:37:40Z,regex
Boys Track and Field,OXON HILL,1956; 1980; 1981; 2006; 2016; 2017,1955; 2005,,,,,pdfs/Spring record book 2025.pdf,66; 67,2026-08-24T17:37:40Z,regex
Boys Track and Field,PAINT BRANCH,,2003; 2024,,,,,pdfs/Spring record book 2025.pdf,66; 67,2026-08-24T17:37:40Z,regex
Boys Track and Field,PARKDALE,,1976,,,,,pdfs/Spring record book 2025.pdf,66; 67,2026-08-24T17:37:40Z,regex
Boys Track and Field,PATUXENT,,2000,,,,,pdfs/Spring record book 2025.pdf,66; 67,2026-08-24T17:37:40Z,regex
Boys Track and Field,ROBERT E. PEARY,,1968,,,,,pdfs/Spring record book 2025.pdf,66; 67,2026-08-24T17:37:40Z,regex
Boys Track and Field,PERRYVILLE,2012; 2013,,,,,,pdfs/Spring record book 2025.pdf,66; 67,2026-08-24T17:37:40Z,regex
Boys Track and Field,PIKESVILLE,2014,2002,,,,,pdfs/Spring record book 2025.pdf,66; 67,2026-08-24T17:37:40Z,regex
Boys Track and Field,BALTO. POLYTECHNIC INSTITUTE,,2007,,,,,pdfs/Spring record book 2025.pdf,66; 67,2026-08-24T17:37:40Z,regex
Boys Track and Field,POMONKEY,,1963; 1964,,,,,pdfs/Spring record book 2025.pdf,66; 67,2026-08-24T17:37:40Z,regex
Boys Track and Field,POTOMAC,1992; 2012,1989; 2010; 2011,,,,,pdfs/Spring record book 2025.pdf,66; 67,2026-08-24T17:37:40Z,regex
Boys Track and Field,QUEEN ANNE'S,,1985; 2012,,,,,pdfs/Spring record book 2025.pdf,66; 67,2026-08-24T17:37:40Z,regex
Boys Track and Field,QUINCE ORCHARD,1993,2008,,,,,pdfs/Spring record book 2025.pdf,66; 67,2026-08-24T17:37:40Z,regex
Boys Track and Field,RESERVOIR,2010,2018,,,,,pdfs/Spring record book 2025.pdf,66; 67,2026-08-24T17:37:40Z,regex
Boys Track and Field,RIVER HILL,,2001,,,,,pdfs/Spring record book 2025.pdf,66; 67,2026-08-24T17:37:40Z,regex
Boys Track and Field,ELEANOR ROOSEVELT,1990; 1991; 1994; 2005,1992; 1999,,,,,pdfs/Spring record book 2025.pdf,66; 67,2026-08-24T17:37:40Z,regex
Boys Track and Field,SALISBURY,1963,1960; 1962,,,,,pdfs/Spring record book 2025.pdf,66; 67,2026-08-24T17:37:40Z,regex
Boys Track and Field,SENECA VALLEY,1994,1995; 2023,,,,,pdfs/Spring record book 2025.pdf,66; 67,2026-08-24T17:37:40Z,regex
Boys Track and Field,SEVERNA PARK,2022,,,,,,pdfs/Spring record book 2025.pdf,66; 67,2026-08-24T17:37:40Z,regex
Boys Track and Field,SHERWOOD,1971,1970,,,,,pdfs/Spring record book 2025.pdf,66; 67,2026-08-24T17:37:40Z,regex
Boys Track and Field,SMITHSBURG,1976; 1977; 1978; 2006; 2007; 2009,1972; 1994; 1997; 2016,,,,,pdfs/Spring record book 2025.pdf,66; 67,2026-08-24T17:37:40Z,regex
Boys Track and Field,SOLLERS POINT,1961; 1964; 1965,1966,,,,,pdfs/Spring record book 2025.pdf,66; 67,2026-08-24T17:37:40Z,regex
Boys Track and Field,SOMERSET,1960,1969,,,,,pdfs/Spring record book 2025.pdf,66; 67,2026-08-24T17:37:40Z,regex
Boys Track and Field,SOUTH CARROLL,,1971,,,,,pdfs/Spring record book 2025.pdf,66; 67,2026-08-24T17:37:40Z,regex
Boys Track and Field,SOUTH HAGERSTOWN,2018,,,,,,pdfs/Spring record book 2025.pdf,66; 67,2026-08-24T17:37:40Z,regex
Boys Track and Field,SOUTH RIVER,,1994,,,,,pdfs/Spring record book 2025.pdf,66; 67,2026-08-24T17:37:40Z,regex
Boys Track and Field,SOUTHERN (AA),2002,1998; 2003; 2004,,,,,pdfs/Spring record book 2025.pdf,66; 67,2026-08-24T17:37:40Z,regex
Boys Track and Field,SOUTHERN (G),,1996,,,,,pdfs/Spring record book 2025.pdf,66; 67,2026-08-24T17:37:40Z,regex
Boys Track and Field,SPRINGBROOK,1972; 1977; 1992,1967; 1974,,,,,pdfs/Spring record book 2025.pdf,66; 67,2026-08-24T17:37:40Z,regex
Boys Track and Field,SUDLERSVILLE,1952,1953; 1954,,,,,pdfs/Spring record book 2025.pdf,66; 67,2026-08-24T17:37:40Z,regex
Boys Track and Field,SUITLAND,2001; 2003,1996; 1997; 2000; 2002; 2004; 2012,,,,,pdfs/Spring record book 2025.pdf,66; 67,2026-08-24T17:37:40Z,regex
Boys Track and Field,SURRATTSVILLE,1992,2000,,,,,pdfs/Spring record book 2025.pdf,66; 67,2026-08-24T17:37:40Z,regex
Boys Track and Field,THOMAS STONE,1976,,,,,,pdfs/Spring record book 2025.pdf,66; 67,2026-08-24T17:37:40Z,regex
Boys Track and Field,TOWSON,1953,,,,,,pdfs/Spring record book 2025.pdf,66; 67,2026-08-24T17:37:40Z,regex
Boys Track and Field,HARRIET TUBMAN,1964,,,,,,pdfs/Spring record book 2025.pdf,66; 67,2026-08-24T17:37:40Z,regex
Boys Track and Field,URBANA,2003; 2004,2001,,,,,pdfs/Spring record book 2025.pdf,66; 67,2026-08-24T17:37:40Z,regex
Boys Track and Field,WALKERSVILLE,2008; 2011,1958; 1961; 1987; 2010,,,,,pdfs/Spring record book 2025.pdf,66; 67,2026-08-24T17:37:40Z,regex
Boys Track and Field,WALT WHITMAN,,1993,,,,,pdfs/Spring record book 2025.pdf,66; 67,2026-08-24T17:37:40Z,regex
Boys Track and Field,WASHINGTON,1953; 1954; 1955; 1956; 1958; 1959,1957,,,,,pdfs/Spring record book 2025.pdf,66; 67,2026-08-24T17:37:40Z,regex
Boys Track and Field,WATKINS MILL,,2019,,,,,pdfs/Spring record book 2025.pdf,66; 67,2026-08-24T17:37:40Z,regex
Boys Track and Field,WESTERN STES,2008,,,,,,pdfs/Spring record book 2025.pdf,66; 67,2026-08-24T17:37:40Z,regex
Boys Track and Field,WESTLAKE,1999; 2001; 2006; 2007; 2009; 2015; 2016; 2024; 2025,2008; 2017,,,,,pdfs/Spring record book 2025.pdf,66; 67,2026-08-24T17:37:40Z,regex
Boys Track and Field,WESTMINSTER,,1984,,,,,pdfs/Spring record book 2025.pdf,66; 67,2026-08-24T17:37:40Z,regex
Boys Track and Field,WHEATON,,1965,,,,,pdfs/Spring record book 2025.pdf,66; 67,2026-08-24T17:37:40Z,regex
Boys Track and Field,WICOMICO,1984; 1986; 1988,,,,,,pdfs/Spring record book 2025.pdf,66; 67,2026-08-24T17:37:40Z,regex
Boys Track and Field,WILDE LAKE,1975,1992; 1996; 2006; 2007,,,,,pdfs/Spring record book 2025.pdf,66; 67,2026-08-24T17:37:40Z,regex
Boys Track and Field,WILLIAMSPORT,1973; 1980; 1999; 2009; 2012,,,,,,pdfs/Spring record book 2025.pdf,66; 67,2026-08-24T17:37:40Z,regex
Boys Track and Field,WOODLAWN,1987; 1988; 1998,1999,,,,,pdfs/Spring record book 2025.pdf,66; 67,2026-08-24T17:37:40Z,regex
Boys Track and Field,WOODSON,,1966,,,,,pdfs/Spring record book 2025.pdf,66; 67,2026-08-24T17:37:40Z,regex
Boys Track and Field,THOMAS S. WOOTTON,,2014,,,,,pdfs/Spring record book 2025.pdf,66; 67,2026-08-24T17:37:40Z,regex
